name,domains,web_pages,location_id,duolingo_acceptance,source,programs,contact,contact_source
Southern Cross University,['scu.edu.au'],['http://www.scu.edu.au/'],1,accepted,https://www.scu.edu/globalengagement/about/policies-and-procedures/english-proficiency-requirement/,"Undergraduate,Graduate","intapps@scu.edu.au, 6620 3876",https://www.shiksha.com/studyabroad/australia/universities/southern-cross-university/admissions
Griffith University,['griffith.edu.au'],['https://www.griffith.edu.au/'],1,accepted,https://leverageedu.com/learn/duolingo-exam-accepted-universities-in-australia/,"Undergraduate,Graduate"," 373 55560 , 373 53781 ",https://app.griffith.edu.au/phonebook/phone-search.php?string=admissions&format=search
Swinburne University of Technology,['swin.edu.au'],['http://www.swin.edu.au/'],1,not mentioned,,,,
Engineering Institute of Technology,['student.eit.edu.au'],['https://www.eit.edu.au/'],1,accepted,https://www.engineering.pitt.edu/academics/graduateadmissions/admissions/international-graduate/,Graduate,,https://www.nyit.edu/contact/
Marcus Oldham College,['marcusoldham.vic.edu.au'],['http://www.marcusoldham.vic.edu.au/'],1,not mentioned,,,,
Monash University,"['monash.edu', 'monash.edu.au']",['http://www.monash.edu/'],1,accepted,https://www.monash.edu.my/study/entry-requirements/english,"Undergraduate,Graduate,PhD",,https://www.monash.edu/about/contact-us
University of New England,['une.edu.au'],['http://www.une.edu.au/'],1,accepted,https://www.nec.edu/international,"Undergraduate,Graduate","deanunecom@une.edu,comsa@une.edu, 602-2807 , 602-5892, 602-2329",https://www.une.edu/com/about/contact-us
Queensland University of Technology,['qut.edu.au'],['http://www.qut.edu.au/'],1,accepted,https://leapscholar.com/blog/duolingo-accepted-universities-in-australia/,Graduate,sa.hubengagement@qut.edu.au,https://www.qut.edu.au/study/international/for-agents/contact-us
Federation University Australia,['federation.edu.au'],['http://federation.edu.au/'],1,accepted,https://www.mit.edu.au/feduni-mit/fed-uni/english-language-requirements,"Undergraduate,Graduate,PhD",internationaladmissions@federation.edu.au,https://federation.edu.au/institutes-and-schools/global-professional-school/contact-us
Macquarie University,['mq.edu.au'],['http://www.mq.edu.au/'],1,accepted,https://www.ivyoverseas.com/study-in-australia-macquarie-university.html?srsltid=AfmBOoonhjUmDdyZuw2qBdUP-g3j1o5sLKmGZm_D6HH6-cC-ssfLtmnP,"Undergraduate,Graduate","alumni@mq.edu.au, 9850 6410",https://www.mq.edu.au/about/locations/contacts
Avondale University,['avondale.edu.au'],['http://www.avondale.edu.au/'],1,accepted,https://www.uac.edu.au/institutions/avondale-university/english-language-proficiency,"Undergraduate,Graduate,PhD","+61 2 4980 2377 ,+61 2 4980 2251 ,+61 2 4980 2108",https://www.avondale.edu.au/contact/
University of the Sunshine Coast,['usc.edu.au'],['http://www.usc.edu.au/'],1,accepted,https://www.usc.edu.au/international/international-students/english-language-requirements,"Undergraduate,Graduate,PhD","+61 7 5430 2843 ,1800 778 839",https://www.usc.edu.au/international/contact-international
Australian Correspondence Schools,['acs.edu.au'],['http://www.acs.edu.au/'],1,accepted,https://www.collegedekhoabroad.com/articles/universities-accepting-duolingo-in-australia/,,"+61 7 5562 1088 , 07 5562 1088 ",https://www.hortcourses.com/606-contactus-Info.aspx
International College of Tourism and Hotel Management,['icthm.edu.au'],['http://www.icthm.edu.au/'],1,accepted,https://selcedu.com/programs/hospitality-programs/tourism-hotel-management/,"Undergraduate,Graduate",office@itm-college.eu,https://itm-college.eu/admission-portal/
Box Hill Institute,"['bhtafe.edu.au', 'boxhill.edu.au']","['http://www.bhtafe.edu.au', 'http://www.boxhill.edu.au']",1,not mentioned,,,,
James Cook University of North Queensland,['jcu.edu.au'],['http://www.jcu.edu.au/'],1,accepted,https://www.ivyoverseas.com/study-in-australia-jamescook-university.html?srsltid=AfmBOorGNZDbOioZqO4u2q_Iq9WiinYf5wD8LkGZJmMyPBKHfR5DJ8Jp,"Undergraduate,Graduate","enquiries@jcu.edu.au, 1800 028 998 - , 1800 050 763 - ",https://www.jcu.edu.au/about-jcu/contact-us
University of Notre Dame Australia,['nd.edu.au'],['http://www.nd.edu.au/'],1,accepted,https://unischolars.com/blog/the-university-of-notre-dame-acceptance-rate/,"Undergraduate,Graduate",,https://www.nd.edu/about/contact/
Royal Melbourne Institute of Technology,['rmit.edu.au'],['http://www.rmit.edu.au/'],1,not mentioned,,,,
University of New South Wales,['unsw.edu.au'],['http://www.unsw.edu.au/'],1,accepted,https://www.unswcollege.edu.au/content/dam/pdfs/unsw-college/duolingo-english-testing-scores.pdf,"Undergraduate,Graduate,PhD",+61 2 9385 1000 ,https://www.unsw.edu.au/about-us/our-story/contact-us
SP Jain School of Global Management,['spjain.org'],['https://www.spjain.org/'],1,not mentioned,,,,
Australian Defence Force Academy,['adfa.oz.au'],['http://www.adfa.oz.au/'],1,accepted,https://www.quora.com/The-school-in-Australia-that-I-want-to-apply-to-accepts-Duolingo-exams-Will-there-be-any-problems-in-obtaining-a-student-visa,"Undergraduate,Graduate,PhD","adfa.manager@aafcans.gov.au, 02 7900 1221, 0700 - 1500",https://www.aafcans.gov.au/outlet/adfa/
Australian Maritime College,['amc.edu.au'],['http://www.amc.edu.au/'],1,accepted,https://www.goaustralia.in/masters-duolingo-requirements,Graduate,"amc.marketing@utas.edu.au,+61386767017",https://marinersgalaxy.com/australian-maritime-college-admission-tuition-courses-address-details/
University of Western Sydney,['uws.edu.au'],['http://www.uws.edu.au/'],1,not mentioned,,,,
University of Western Australia,['uwa.edu.au'],['http://www.uwa.edu.au/'],1,accepted,https://www.detpractice.com/is-duolingo-english-test-accepted-in-australia,,+61 8 6488 3235 ,https://www.uwa.edu.au/students/contact
Blue Mountains Hotel School,['hotelschool.com.au'],['http://www.hotelschool.com.au/'],1,not mentioned,,,,
Charles Darwin University,['cdu.edu.au'],['http://www.cdu.edu.au/'],1,accepted,https://www.cdu.edu.au/international/how-apply/entry-requirements,,"study@cdu.edu.au,study@cdu.edu.au, 1800 061 963, 1800 061 963",https://www.cdu.edu.au/tafe/contacts
Torrens University Australia,"['torrens.edu.au', 'tua.edu.au']",['https://www.torrens.edu.au'],1,accepted,https://www.torrens.edu.au/studying-with-us/international-students/studying-in-australia/study-options-in-australia,"Undergraduate,Graduate"," 1300 575 803, 1300 209 112, 99 154 937 005",https://studenthub.torrens.edu.au/Hub/Campuses/Melbourne/Flinders-Street
Flinders University of South Australia,['flinders.edu.au'],['http://www.flinders.edu.au/'],1,accepted,https://www.ivyoverseas.com/study-in-australia-flinders-university.html?srsltid=AfmBOoqsRFSVGIslVfx8TEqShQHqqPLw_ttIEIksmTSGXs5m0Ex5s2q7,"Undergraduate,Graduate", 1300 354 633 ,https://oasis.flinders.edu.au/contact-us/
Western Sydney University,['westernsydney.edu.au'],['https://www.westernsydney.edu.au/'],1,accepted,https://www.westernsydney.edu.au/__data/assets/pdf_file/0003/274170/INTL0910_English_Language_Entry_Table_2019_v03_Add_Nigeria_Zimbabwe_latest.pdf,"Undergraduate,Graduate,PhD","mypathway@westernsydney.edu.au, 9685 9860 ",https://internationalcollege.westernsydney.edu.au/about/contact/
University of Newcastle,['newcastle.edu.au'],['http://www.newcastle.edu.au/'],1,accepted,https://www.ncl.ac.uk/international/language/?__hstc=60654386.75439bbbb84313a0cbcedd106694e1c5.1738368002102.1738368002103.1738368002104.1&__hssc=60654386.1.1738368002105&__hsfp=2761239502,"Undergraduate,Graduate,PhD","uonsenquiry@newcastle.edu.au,+61 2 4348 4000 ,+65 6221 3306 ,+65 6221 3307 ",https://www.newcastle.edu.au/our-uni/contact
La Trobe University,['latrobe.edu.au'],['http://www.latrobe.edu.au/'],1,not mentioned,,,,
Edith Cowan University,['ecu.edu.au'],['http://www.ecu.edu.au/'],1,not mentioned,,,,
University of Wollongong,"['uow.edu.au', 'uowmail.edu.au']",['http://www.uow.edu.au/'],1,accepted,https://www.uowcollege.edu.au/courses-pathways/admissions-information/entry-requirements/,"Undergraduate,Graduate,PhD","futurestudents@uow.edu.au, 1300 367 869 ,+61 2 4221 3218 ",https://www.uow.edu.au/study/contact/
University of Adelaide,['adelaide.edu.au'],['http://www.adelaide.edu.au/'],1,accepted,https://online.adelaide.edu.au/english-language-requirements,,"admissions.online@adelaide.edu.au, 1300 294 092 ",https://online.adelaide.edu.au/contact-us
"Institute Of Technology, Australia",['iota.edu.au'],['http://www.iota.edu.au/'],1,accepted,https://duolingoguides.com/duolingo-accepted-universities-in-australia/,,+61-8-8212 6799,https://www.iota.edu.au/
Australian National University,['anu.edu.au'],['http://www.anu.edu.au/'],1,accepted,https://collegedunia.com/australia/article/duolingo-accepted-universities-in-australia,Graduate,"future.student@anu.edu.au, 1800 620 032 ,+61 2 6125 7257",https://study.anu.edu.au/contact-us
Australian Catholic University,['acu.edu.au'],['http://www.acu.edu.au/'],1,accepted,https://acu.edu/admissions-aid/graduate/international-graduate-application-information/,Graduate,+61 2 9739 2437,https://www.acu.edu.au/international-students/contact-international-student-support/
Victoria University,['vu.edu.au'],['http://www.vu.edu.au/'],1,accepted,https://www.wgtn.ac.nz/international-entry-requirements,"Undergraduate,Graduate","+61 3 9919 4065,+61 3 9919 1164 , 83 776 954 731",https://www.vu.edu.au/contact-us/international-student-enquiries
Central Queensland University,['cqu.edu.au'],['http://www.cqu.edu.au/'],1,accepted,https://www.ivyoverseas.com/study-in-australia-cq-university.html?srsltid=AfmBOormxh0o6YIWtGH1grV5CH_LZb7qv-jkBY1tMmwudJDhkxoQOzIi,,"7 4930 9777 ,7 4936 1691 ",https://www.alluniversity.info/australia/central-queensland-university/
Bond University,['bond.edu.au'],['http://www.bond.edu.au/'],1,accepted,https://bond.edu.au/programs/english/entry-requirements-english-program,"Undergraduate,Graduate,PhD","intlsupport@bond.edu.au,+61 7 5595 1024",https://zollege.in/australia/college/159922-bond-university-gold-coast/admission
University of Technology Sydney,"['uts.edu.au', 'student.uts.edu.au']",['http://www.uts.edu.au/'],1,accepted,https://www.ivyoverseas.com/study-in-australia-university-of-technology-sydney.html?srsltid=AfmBOop_pV6wnhvinV6wK7BUV-Egp4j1uBm1agiXL5_KWXbL6vt4uLHu,"Undergraduate,Graduate,PhD","industry@uts.edu.au,1300 275 887",https://www.uts.edu.au/contact-us
University of Sydney,"['sydney.edu.au', 'usyd.edu.au', 'uni.sydney.edu.au']",['http://sydney.edu.au/'],1,accepted,https://www.unsw.edu.au/study/how-to-apply/english-language-requirements,," 1800 793 864 ,+61 2 8627 0010",https://www.sydney.edu.au/study/applying.html
Deakin University,['deakin.edu.au'],['http://www.deakin.edu.au/'],1,accepted,https://www.ivyoverseas.com/study-in-australia-deakin-university.html?srsltid=AfmBOord_M39KlcMux6wGWnSy2bfS7iy-O5P6fZqM3fVepOP4U1smmbd,"Undergraduate,Graduate,PhD", 03 5227 1200 03 5227 1200 ,https://www.deakin.edu.au/contact?a=15229
Murdoch University,"['murdoch.edu.au', 'student.murdoch.edu.au']",['http://www.murdoch.edu.au/'],1,not mentioned,,,,
Charles Sturt University,['csu.edu.au'],['http://www.csu.edu.au/'],1,accepted,https://international.colostate.edu/iec/international-admissions/english-language-proficiency/,"Undergraduate,Graduate","firstnations@csu.edu.au, 0416 427 066, 1800 275 278 ",https://study.csu.edu.au/apply/start-your-application
Curtin University,['curtin.edu.au'],['http://www.curtin.edu.au/'],1,accepted,https://www.ivyoverseas.com/study-in-australia-curtin-university.html?srsltid=AfmBOoo2-b9fUPoHwZfUqjkNl6tpw5xAkgzmuPHEbE_i47ISNCoip094,"Undergraduate,Graduate", 1300 222 888 ,https://students.connect.curtin.edu.au/app/answers/detail/a_id/1734/~/contact-curtin-admissions-office
University of Melbourne,"['unimelb.edu', 'unimelb.edu.au']",['http://www.unimelb.edu.au/'],1,accepted,https://study.unimelb.edu.au/how-to-apply/english-language-requirements/undergraduate-english-language-requirements,"Undergraduate,Graduate", 9035 5511 ,https://www.unimelb.edu.au/contact
Holmes Institute,['holmes.edu.au'],['http://www.holmes.edu.au/'],1,accepted,https://holmes.edu.au/library/uploads/Policy%20PDFs/Admission%20Requirements%20Policy%20and%20Procedures%2022623.pdf,"Undergraduate,Graduate","dherfurt@csl.org, 80401-7042 , 720-496-1370 , 720-279-8992 ",https://holmesinstitute.edu/wp-content/uploads/sites/3/2023/09/HI-Catalog-2023-24.pdf
University of Tasmania,['utas.edu.au'],['http://www.utas.edu.au/'],1,accepted,https://www.utas.edu.au/study/apply/admission-requirements/english-language-requirements,"Undergraduate,Graduate,PhD","course.info@utas.edu.au, 13 8827 ",https://www.utas.edu.au/study/apply
Linuwel School,['linuwel.nsw.edu.au'],['http://www.linuwel.nsw.edu.au/'],1,not mentioned,,,,
University of South Australia,['unisa.edu.au'],['http://www.unisa.edu.au/'],1,accepted,https://admission.usc.edu/prospective-students/how-to-apply/international-students/,"Undergraduate,Graduate,PhD"," 1300 148 812 ,+61 8 8302 7333 , 8302 5880 , 8302 0828 ",https://www.unisa.edu.au/about-unisa/keycontacts/
Australian Lutheran College,['alc.edu.au'],['http://www.alc.edu.au/'],1,not mentioned,,,,
University of Queensland,['uq.edu.au'],['http://www.uq.edu.au/'],1,accepted,https://www.studyabroadfoundation.org/programs/university-queensland-entrepreneurship-new-venture-creation,"Undergraduate,Graduate,PhD,others","admissions@uq.edu.au, 3365 2203, 3365 2061",https://www.uq.edu.au/departments/unit.html?unit=316
Batchelor Institute of Indigenous Tertiary Education,['nt.gov.au'],['http://www.nt.gov.au/batc/'],1,not mentioned,,,,
University of Canberra,['canberra.edu.au'],['http://www.canberra.edu.au/'],1,accepted,https://www.canberra.edu.au/future-students/get-into-uc/entry-requirements/english-language-requirements,"Undergraduate,Graduate,PhD","pathways@canberra.edu.au,ucc.admissions@canberra.edu.au,ucc.studentservices@canberra.edu.au,+61 2 6201 2961 ,+61 2 6201 2961 ",https://www.canberra.edu.au/uc-college/about-uc-college/contact-us
University of Southern Queensland,['usq.edu.au'],['http://www.usq.edu.au/'],1,accepted,https://www.universityliving.com/blog/admission-guide/university-of-southern-queensland/,"Undergraduate,Graduate,PhD"," 1800 007 252,+61 7 4631 5543",https://www.unisq.edu.au/international/contact-us
St. George's University (Australia),['stgc.uwa.edu.au'],['https://stgc.uwa.edu.au/'],1,not mentioned,,,,
"Royal Danish Academy of Fine Arts, School of Architecture",['karch.dk'],['http://www.karch.dk/'],5,accepted,https://royaldanishacademy.com/en/languagerequirements,"Undergraduate,Graduate",,https://royaldanishacademy.com/en/procedure-ma-architecture
Knightsbridge University,['knightsbridgeuniversity.com'],['http://www.knightsbridgeuniversity.com/'],5,accepted,https://www.quora.com/Is-Duolingos-official-certificate-accepted-as-proof-of-language-proficiency-by-top-ranked-universities-such-as-Oxford-and-Cambridge,"Graduate,others","admin@knightsbridgeuniversity.com,+45 5132 0457,+45 8647 9828",https://www.alumni.net/Europe/Denmark/Arhus/Knightsbridge_University/
VIA University College,['en.via.dk'],['https://en.via.dk/'],5,accepted,https://en.via.dk/programmes/bachelor/english-proficiency-requirements,"Undergraduate,Graduate","via@via.dk,arib@via.dk,+45 87 55 00 00 , 30 77 30 47, 243723-,-1-2008-1-,+ 45 87 55 14 63 ",https://en.via.dk/about-via/contact
Aalborg Business College,['ah.dk'],['http://www.ah.dk/'],5,not mentioned,,,,
Engineering College of Aarhus,['iha.dk'],['http://www.iha.dk/'],5,not mentioned,,,,
Danish University of Education,['dpu.dk'],['http://www.dpu.dk/'],5,accepted,https://www.leedsbeckett.ac.uk/international-students/countries/denmark/denmark-entry-requirements/,"Undergraduate,Graduate","mscadmissions@adm.dtu.dk, 101 2800 , 30 06 09 46",https://www.dtu.dk/english/education/guidance-and-counselling/international-admissions-office
University of Southern Denmark - SDU,['sdu.dk'],['http://www.sdu.dk/'],5,accepted,https://mitsdu.dk/en/mit_studie/diplomingenioer/diplomingenioer_i_elektroteknik_odense/study_abroad/how_to_do_it/language_test_and_language_courses,Graduate,"sdu@sdu.dk,+45 6550 1000 ,+45 3920 7777",https://www.sdu.dk/en/service/kontakt
Southern Denmark Business School,['hhs.dk'],['http://www.hhs.dk/'],5,not mentioned,,,,
International People's College,['ipc.dk'],['http://www.ipc.dk/'],5,not mentioned,,,,
Roskilde University,['ruc.dk'],['http://www.ruc.dk/'],5,accepted,https://ruc.dk/en/specific-admission-requirements,Graduate,"ruc@ruc.dk,+45 4674 2000, 5798000418110 , 29 05 75 59",https://ruc.dk/en/contact
Royal Danish School of Educational Sciences,['dlh.dk'],['http://www.dlh.dk/'],5,not mentioned,,,,
Royal School of Library and Information Science,['db.dk'],['http://www.db.dk/'],5,not mentioned,,,,
Aarhus Technical College,['ats.dk'],['http://www.ats.dk/'],5,not mentioned,,,,
Asmildkloster Agricultural School,['asmildkloster.dk'],['https://asmildkloster.dk/'],5,not mentioned,,,,
Royal Veterinary and Agricultural University,['kvl.dk'],['http://www.kvl.dk/'],5,not mentioned,,,,
Tietgen Business College,['tietgen.dk'],['http://www.tietgen.dk/'],5,accepted,https://www.dbs.ie/international-students/international-non-eu-students/english-language-requirements-for-international-students,"Undergraduate,Graduate","ts@tietgen.dk,+45 65 45 25 00 ,+45 65 45 21 99 ",https://www.canadian-universities.net/World_Universities/Denmark-Tietgen-Business-College.html
Engineering College of Copenhagen,['ihk.dk'],['http://www.ihk.dk/'],5,not mentioned,,,,
"Royal Danish Academy of Fine Arts, School of Visual Art",['kunstakademiet.dk'],['http://www.kunstakademiet.dk/'],5,accepted,https://royaldanishacademy.com/en/crafts-requirements-rules,"Undergraduate,Graduate",,https://kunstakademiet.dk/en/schools-visual-arts/admission
Kalø Økologisk Agricultural College,['videndjurs.dk'],['https://videndjurs.dk/'],5,accepted,https://goarno.io/blog/which-countries-accept-the-duolingo-english-test/,,"info@videndjurs.dk,+45 87 58 04 00 , 5798000554115 , 10520509",https://videndjurs.dk/en/kaloe-organic-agricultural-college/faq
University of Copenhagen,['ku.dk'],['http://www.ku.dk/'],5,accepted,https://www.ku.dk/studies/masters/hum/language-requirements,"Undergraduate,Graduate,PhD","+4535336390,+4535332085,+4535336878",https://about.ku.dk/organisation/administration/education-students/admission-and-communication/
Aarhus University,['au.dk'],['http://www.au.dk/'],5,accepted,https://bachelor.au.dk/en/admission/moreinfo/language-requirements,"Undergraduate,Graduate,PhD","au@au.dk, 1 8000 ,+45 8715 0000, 31119103 ,-31119103",https://international.au.dk/education/admissions/
Technical University of Denmark,['dtu.dk'],['http://www.dtu.dk/'],5,accepted,https://www.dtu.dk/english/education/graduate/admission-and-deadlines/application_procedure/apply/language-test-requirements,Graduate,+45 45 25 11 99,https://www.dtu.dk/english/about/contact
Danish Business Academy,['ddea.dk'],['http://www.ddea.dk/'],5,not mentioned,,,,
Copenhagen Business School,['cbs.dk'],['http://www.cbs.dk/'],5,accepted,https://www.cbs.dk/en/study/bachelor/admission/how-to-apply/entry-requirements,"Undergraduate,Graduate,PhD","bacheloradmission@cbs.dk,+45 38152710 ",https://cbsadmissions.nemtilmeld.dk/58/
Lutheran School Of Theology In Aarhus,['teologi.dk'],['http://www.teologi.dk/'],5,not mentioned,,,,
IT University of Copenhagen,['itu.dk'],['http://www.itu.dk/'],5,not mentioned,,,,
Aarhus School of Business,['hha.dk'],['http://www.hha.dk/'],5,not mentioned,,,,
Aalborg University,"['auc.dk', 'aau.dk', 'student.aau.dk']",['http://www.auc.dk/'],5,accepted,https://www.en.aau.dk/education/continuing-education/admission-requirements,Graduate,bachelor@aau.dk,https://www.en.aau.dk/education/apply
Royal Danish School of Pharmacy,['dfh.dk'],['http://www.dfh.dk/'],5,not mentioned,,,,
International Business School of Scandinavia,['ibss.eu'],['http://www.ibss.eu/'],5,not mentioned,,,,
Odense University,['ou.dk'],['http://www.ou.dk/'],5,accepted,https://englishtest.duolingo.com/institutions/accepting_institutions?ref=blog.englishtest.duolingo.com,"Undergraduate,Graduate,PhD","bacheloradmission@sdu.dk, 0045 6550 1102 ",https://www.sdu.dk/en/uddannelse/vejledning
Royal Danish Academy of Music,['dkdm.dk'],['http://www.dkdm.dk/'],5,not mentioned,,,,
Aarhus School of Architecture,['a-aarhus.dk'],['http://www.a-aarhus.dk/'],5,accepted,https://aarch.dk/en/full-degree-student-admission/,,"studentervejleder@aarch.dk,a@aarch.dk, 8936 0149 , 7 8000 ,+45 89 36 00 00 , 27120717 , 5798000793088",https://aarch.dk/en/kontakt-uddannelse/
Royal Academy of Music,['musik-kons.dk'],['http://www.musik-kons.dk/'],5,not mentioned,,,,
Diaconia University of Applied Sciences,['diak.fi'],['http://www.diak.fi/'],6,accepted,https://www.diak.fi/en/admissions/how-to-apply/eligibility/,,"admissions@diak.fi, 400 725 384 ",https://www.diak.fi/en/admission-services/
University of Helsinki,['helsinki.fi'],['http://www.helsinki.fi/'],6,accepted,https://www.helsinki.fi/en/admissions-and-education/apply-bachelors-and-masters-programmes/apply-bachelors-programme-science/proving-your-english-language-skills,"Undergraduate,Graduate,PhD","registry@helsinki.fi,+3582941 22222 ,+3582941 22390 ",https://www.helsinki.fi/en/about-us/university-helsinki/contact-details
Oulu Polytechnic,['oamk.fi'],['http://www.oamk.fi/'],6,accepted,https://www.oulu.fi/en/apply/how-apply/applying-bachelors-programmes/language-requirements-for-bachelors-degrees,Graduate,"study.oamk@oulu.fi,admissions@oamk.fi, 990570 ,+358 20 611 0200, 029 448 9210,+358 20 611 0200",https://oamk.fi/en/about-oamk/contact/
Academy of Fine Arts,['kuva.fi'],['http://www.kuva.fi/'],6,accepted,https://www.pafa.org/school/admissions/international,"Undergraduate,Graduate","ptran@pafa.edu, 215-391-4111 , 215-569-0153 ",https://www.petersons.com/college-search/pennsylvania-academy-of-the-fine-arts-000_10063738.aspx
University of Joensuu,['joensuu.fi'],['http://www.joensuu.fi/'],6,accepted,https://duolingoguides.com/what-are-the-duolingo-accepting-finland-programs-for-international-students/,"Undergraduate,Graduate,PhD","studentrecruiting@uef.fi, 111 80101 ",https://www.uef.fi/en/admission-services
Scandinavian Art and Business Institute,['sabi.eu.com'],['http://www.sabi.eu.com/'],6,accepted,https://www.quora.com/Why-Nordic-countries-are-not-accepting-Duolingo-English-test-score-for-international-students,,+358 123 456 789 ,https://he.sohopathi.com/scandinavian-art-and-business-institute/
Vaasa University of Applied Sciences,['puv.fi'],['http://www.puv.fi/'],6,accepted,https://www.uwasa.fi/en/education/masters-programmes/language-requirements,"Undergraduate,Graduate",+358 29 449 8006 ,https://www.uwasa.fi/en/university/contact-information-and-invoicing
Laurea University of Applied Sciences,"['laurea.fi', 'student.laurea.fi']",['http://www.laurea.fi/'],6,accepted,https://www.laurea.fi/en/degree_programmes/how-to-apply-to-full-degree-programmes/frequently-asked-questions-about-applying-to-laurea/,"Undergraduate,Graduate","admissions@laurea.fi,+358 9 8868 7293 ,+358 9 8868 7298 ",https://www.laurea.fi/en/contact-information/
Sibelius Academy,['siba.fi'],['http://www.siba.fi/'],6,accepted,https://www.uniarts.fi/en/general-info/instruction-and-degree-languages-and-language-proficiency-requirements-at-uniarts-helsinki/,"Undergraduate,Graduate,PhD","siba.admissions@uniarts.fi,teak.admissions@uniarts.fi,arkisto@uniarts.fi,+358 294 47 2000",https://www.uniarts.fi/en/general-info/contact/
Tampere Polytechnic,['tpu.fi'],['http://www.tpu.fi/'],6,not mentioned,,,,
Aalto University,['aalto.fi'],['https://www.aalto.fi'],6,accepted,https://studyabroadaide.com/institutions/aalto-university/,"Undergraduate,Graduate","admissions@aalto.fi,+358 2944 29290 ",https://fact.aalto.fi/contact/
Lahti Polytechnic,"['lamk.fi', 'student.lamk.fi']",['http://www.lamk.fi/'],6,accepted,https://duolingoguides.com/what-are-the-duolingo-accepting-finland-programs-for-international-students/,"Undergraduate,Graduate","admission@lut.fi,+358 29 446 2111",https://www.lut.fi/en/studies/apply-lut/admission-services
University of Oulu,['oulu.fi'],['http://www.oulu.fi/'],6,accepted,https://studyabroadaide.com/studying-in-oulu/,"Undergraduate,Graduate,PhD",+358 294 484 108,https://www.oulu.fi/en/apply/how-apply/admissions-contact
Lappeenranta University of Technology,"['lut.fi', 'student.lut.fi']",['http://www.lut.fi/'],6,accepted,https://www.collabinternational.com/lappeenranta-university-of-technology-lut,Graduate,+358 29 446 2111,https://www.lut.fi/en/about-lut/contact-us
University of Art and Design Helsinki,['uiah.fi'],['http://www.uiah.fi/'],6,accepted,https://studies.helsinki.fi/instructions/article/language-certificates-incoming-exchange-and-visiting-applications,"Undergraduate,Graduate,PhD",,https://www.helsinki.fi/en/admissions-and-education/contact-admission-and-student-services/contact-admission-services
Helsinki University of Technology,['hut.fi'],['http://www.hut.fi/'],6,accepted,https://studies.helsinki.fi/instructions/article/language-certificates-incoming-exchange-and-visiting-applications,"Undergraduate,Graduate,PhD",,https://www.helsinki.fi/en/admissions-and-education/contact-admission-and-student-services/contact-admission-services
Satakunta University Of Applied Scinces,['samk.fi'],['http://www.samk.fi/'],6,not mentioned,,,,
Turku School of Economics and Business Administration,['tukkk.fi'],['http://www.tukkk.fi/'],6,accepted,https://www.utu.fi/en/research/utugs/how-to-apply/language,Graduate,+358 29 450,https://www.utu.fi/en/study-at-utu/contact-information
University of Lapland,['ulapland.fi'],['http://www.ulapland.fi/'],6,accepted,https://www.ulapland.fi/EN/Admissions/Masters-Studies/Language-requirements,"Undergraduate,Graduate,PhD","+358 16 341 341,+358 16 362 936 ",https://www.ulapland.fi/EN/Admissions/Masters-Studies/Contact-us
"Swedish School of Economics and Business Administration, Finland",['shh.fi'],['http://www.shh.fi/'],6,accepted,https://duolingoguides.com/what-are-the-duolingo-accepting-finland-programs-for-international-students/,"Undergraduate,Graduate,PhD","international@hanken.fi,info@hanken.fi,registrator@hanken.fi,29 431 331 ",https://www.hanken.fi/en/about/contact-information
Abo Akademi University,['abo.fi'],['http://www.abo.fi/'],6,accepted,https://observe.com.bd/abo-akademi-university/,"Undergraduate,Graduate,PhD","admission@abo.fi,+358-2-215 4169 , 3 20500 , 2 65100 ",https://www.abo.fi/en/contact/admissions/
Rovaniemi University of Applied Sciences,['ramk.fi'],['http://www.ramk.fi/'],6,accepted,https://www.uasinfo.fi/language-requirements/,"Undergraduate,Graduate","admissions@lapinamk.fi,+358 400 830036 ,+358 40 5118659 ,+358404856583",https://opintopolku.fi/konfo/en/sivu/admissions-services-of-finnish-higher-education-institutions
Theatre Academy Finland,['teak.fi'],['http://www.teak.fi/'],6,accepted,https://duolingoguides.com/what-are-the-duolingo-accepting-finland-programs-for-international-students/,"Undergraduate,Graduate,PhD","teak.admissions@uniarts.fi,+358 294 47 2000",https://www.uniarts.fi/en/units/theatre-academy/
University of Kuopio,['uku.fi'],['http://www.uku.fi/'],6,accepted,https://duolingoguides.com/what-are-the-duolingo-accepting-finland-programs-for-international-students/,"Undergraduate,Graduate,PhD","studentrecruiting@uef.fi, 111 80101 ",https://www.uef.fi/en/admission-services
University of Vaasa,['uwasa.fi'],['http://www.uwasa.fi/'],6,accepted,https://www.uwasa.fi/en/education/masters-programmes/language-requirements,"Undergraduate,Graduate,PhD",+358 29 449 8006 ,https://www.uwasa.fi/en/education/masters-programmes/contact-our-international-team-students-and-education-agents
EVTEK University of Applied Sciences,['evtek.fi'],['http://www.evtek.fi/'],6,accepted,https://goarno.io/blog/which-countries-accept-the-duolingo-english-test/,,"+358 20 7553 500,+358 20 7553 477 ",https://www.canadian-universities.net/World_Universities/Finland-Vantaa.html
South Carelian Polytechnic,['scp.fi'],['http://www.scp.fi/'],6,accepted,https://saskpolytech.ca/admissions/admission-requirements/english-language-proficiency-requirements.aspx,Graduate, 123-4567 ,https://he.sohopathi.com/south-carelian-polytechnic/
Tampere University of Technology,['tut.fi'],['http://www.tut.fi/'],6,accepted,https://www.edunation.co/study-in-finland/universities/tampere-university-of-applied-sciences/,"Undergraduate,Graduate,PhD","admissions.tamk@tuni.fi,294 5211",https://beyondthestates.com/schools/tampere-university-of-technology/
University of Tampere,['uta.fi'],['http://www.uta.fi/'],6,accepted,https://www.tuni.fi/en/study-with-us/apply-to-tampere-university/applying-to-university-masters-programmes/language-requirements,"Undergraduate,Graduate,PhD",+358 294 520 400 ,https://www.tuni.fi/en/about-us/university-admissions-services
University of Turku,['utu.fi'],['http://www.utu.fi/'],6,accepted,https://www.utu.fi/en/research/utugs/how-to-apply/language,"Undergraduate,Graduate,PhD",+358 29 450 5000 ,https://www.utu.fi/en/study-at-utu/international-admission-representatives
University of Jyväskylä,['jyu.fi'],['http://www.jyu.fi/'],6,accepted,https://www.jyu.fi/en/study-with-us/masters-degree-programmes/how-to-apply-for-masters-programmes/faq-masters-degree-programmes/faq-language-proficiency,,"admissions@jyu.fi,+358 29441 8051",https://www.jyu.fi/en/study-with-us/masters-degree-programmes/contact-information-for-applicants
Central Ostrobothnia University of Applied Sciences,['cou.fi'],['http://www.cou.fi/'],6,accepted,https://net.centria.fi/en/education/how-to-apply/how-to-apply-for-masters/applying-with-education-completed-outside-eu-eea/,"Undergraduate,Graduate"," 825 0000, 825 2000",https://www.university-directory.eu/Finland/Central-Ostrobothnia-University-of-Applied-Sciences.html
Häme University of Applied Sciences,['hamk.fi'],['https://www.hamk.fi/'],6,not mentioned,,,,
Metropolia University of Applied Sciences,['metropolia.fi'],['https://www.metropolia.fi/'],6,accepted,https://www.gofinland.in/metropolia-university-of-applied-sciences,"Undergraduate,Graduate","admissions@metropolia.fi,+358 9 7424 5000",https://beyondthestates.com/schools/helsinki-metropolia-university-of-applied-sciences/
Helsinki School of Economics and Business Administration,['hkkk.fi'],['http://www.hkkk.fi/'],6,accepted,https://studies.helsinki.fi/instructions/article/language-certificates-incoming-exchange-and-visiting-applications,"Undergraduate,Graduate,others"," 22-24 00100 ,+358 40 125 7215 ",https://www.helbus.com/application-deadlines/
The Chinese University of Hong Kong,"['cuhk.edu.hk', 'link.cuhk.edu.hk']",['https://www.cuhk.edu.hk/'],7,not mentioned,,,,
City University of Hong Kong,"['cityu.edu.hk', 'um.cityu.edu.hk', 'my.cityu.edu.hk']",['https://www.cityu.edu.hk/'],7,accepted,https://admissions.hku.hk/apply/international-qualifications/english-language-requirement,Graduate,"ugadm.local@cityu.edu.hk, 3442-7640, 3442-9368",https://www.cityu.edu.hk/admo/explore/contact-us
The Chinese University of Hong Kong,['cuhk.edu.cn'],['https://www.cuhk.edu.cn/'],7,not mentioned,,,,
Lingnan University,"['ln.edu.hk', 'ln.hk']",['https://www.ln.edu.hk/'],7,not mentioned,,,,
Hong Kong Chu Hai College,['chuhai.edu.hk'],['https://www.chuhai.edu.hk/'],7,not mentioned,,,,
The Hong Kong University of Science and Technology,"['ust.hk', 'connect.ust.hk']",['https://hkust.edu.hk/'],7,not mentioned,,,,
The University of Hong Kong,['hku.hk'],['https://www.hku.hk/'],7,not mentioned,,,,
Canadian International School of Hong Kong,['cdnis.edu.hk'],['https://cdnis.edu.hk'],7,not mentioned,,,,
Hong Kong Baptist University,"['hkbu.edu.hk', 'life.hkbu.edu.hk', 'associate.hkbu.edu.hk']",['https://www.hkbu.edu.hk/'],7,accepted,https://www.uiw.edu/studyabroad/_docs/hkbu-2023-24-fact-sheet.pdf,Graduate, 3411 2200 ,https://admissions.hkbu.edu.hk/en/contact.html
The Hang Seng University of Hong Kong,['hsu.edu.hk'],['http://www.hsu.edu.hk/'],7,accepted,https://admissions.hku.hk/apply/international-qualifications/english-language-requirement,Graduate,"registry@hsu.edu.hk, 3963 5555 ",https://registry.hsu.edu.hk/admission/admission/
Hong Kong Shue Yan University,['hksyu.edu'],['https://www.hksyu.edu/'],7,not mentioned,,,,
The Hong Kong Academy for Performing Arts,['hkapa.edu'],['https://www.hkapa.edu/'],7,not mentioned,,,,
The Hong Kong Polytechnic University,"['polyu.edu.hk', 'connect.polyu.hk']",['https://www.polyu.edu.hk/'],7,accepted,https://www.polyu.edu.hk/aradm/tpg/Updates_on_Admissions_Arrangements_in_Response_to_the_COVID-19_TPg.pdf,Graduate,"ar.tpg@polyu.edu.hk,gs.admission@polyu.edu.hk, 2333 0600 , 3400 3635 , 2334 6671 , 3400 2980 ",https://www.polyu.edu.hk/study/pg/contact-us
The Education University of Hong Kong,"['s.eduhk.hk', 'eduhk.hk']",['https://www.eduhk.hk'],7,accepted,https://admissions.hku.hk/apply/international-qualifications/english-language-requirement,Graduate,"info@eduhk.hk,admission@eduhk.hk, 2948 8888 , 2948 6000",https://www.eduhk.hk/en/contact-us
Hong Kong Metropolitan University,"['hkmu.edu.hk', 'ouhk.edu.hk']",['https://www.hkmu.edu.hk/'],7,not mentioned,,,,
Takhatmal Shrivallabh Homoeopathic Medical College,['tshmc.org'],['http://www.tshmc.org/'],2,accepted,https://leverageedu.com/blog/duolingo-english-test/,"Undergraduate,Graduate,PhD","tshmc_26@rediffmail.com, 0721-2677356 , 0721-2563100 , 444 606 ",http://mohinitshmc.com/contact.php
Krishna University,['krishnauniversity.ac.in'],['http://www.krishnauniversity.ac.in/'],2,accepted,https://englishtest.duolingo.com/institutions/accepting_institutions,,"crskru@gmail.com, 2025 - 2026 , 08672-259201, 08672-259226 ",https://www.indiastudychannel.com/universities/1443-krishna-university
Guru Nanak Dev University,['gnduonline.org'],['http://www.gnduonline.org/'],2,not mentioned,,,,
Bengal Engineering College,['becs.ac.in'],['http://www.becs.ac.in/'],2,accepted,https://graduate.rice.edu/admissions/language-proficiency-requirements,Graduate," 9679848800, 7477794700, 0343-2533189 ",https://bcetdgp.ac.in/
National Institute of Technology Uttarakhand,['nituk.ac.in'],['http://www.nituk.ac.in/'],2,accepted,https://www.cardiff.ac.uk/study/international/english-language-requirements/postgraduate,Graduate," -246174, 01346-257422",https://www.getmyuni.com/college/national-institute-of-technology-nit-uttarakhand/admission
Acharya Ranga Agricultural University,['angrau.net'],['http://www.angrau.net/'],2,accepted,https://www.navitas.com/news/article/aru-college-now-accepts-the-duolingo-english-test-det/,"Undergraduate,Graduate,PhD","registrar@angrau.ac.in, 522 034 , 1800-425-0430",https://angrau.ac.in/
Bundelkhand University,['bundelkhanduniversity.org'],['http://www.bundelkhanduniversity.org/'],2,accepted,https://www.shiksha.com/studyabroad/exams/duolingo/eligibility-criteria,"Undergraduate,Graduate,PhD"," 0510-2320496, 2320307, 2321158",https://educationdunia.com/university/bundelkhand-university/website
"ICFAI University, Jaipur",['iujaipur.edu.in'],['https://www.iujaipur.edu.in/'],2,accepted,https://www.pagalguy.com/duolingo/duolingo-registration/10072,,"admissions@iujaipur.edu.in, 8094688800 , 9785015276",https://iujaipur.edu.in/contact-us
Eiilm University,['eiilmuniversity.ac.in'],['http://www.eiilmuniversity.ac.in/'],2,not mentioned,,,,
Shivaji University,['unishivaji.ac.in'],['http://www.unishivaji.ac.in/'],2,not mentioned,,,,
"ICFAI University, Tripura",['iutripura.edu.in'],['https://www.iutripura.edu.in/'],2,accepted,https://iutripura.edu.in/admissions/international-admissions,Graduate,"admissions@iutripura.edu.in, - 799210, 0381-2865752,+91-8415952506 , 18003453673 ,+91-6909879797 , 0381 - 2865754 ",https://www.iutripura.edu.in/contact-us
Gulbarga University,['gulbargauniversity.kar.nic.in'],['http://www.gulbargauniversity.kar.nic.in/'],2,not mentioned,,,,
Gurukul University,['gurukuluniversity.org'],['http://www.gurukuluniversity.org/'],2,not mentioned,,,,
University of Rajasthan,['uniraj.org'],['http://www.uniraj.org/'],2,not mentioned,,,,
"Indian Institute of Technology, Kharagpur","['iitkgp.ernet.in', 'iitkgp.ac.in']","['http://www.iitkgp.ernet.in/', 'http://www.iitkgp.ac.in/']",2,not mentioned,,,,
Christ University,['christuniversity.in'],['http://www.christuniversity.in/'],2,not mentioned,,,,
Delhi College of Engineering (DCE),['dceonline.net'],['http://www.dceonline.net/'],2,not mentioned,,,,
Postgraduate lnstitute of Medical Education and Research,['pgimer.nic.in'],['http://www.pgimer.nic.in/'],2,not mentioned,,,,
Lalit Narayan Mithila University,['lnmu.bih.nic.in'],['http://lnmu.bih.nic.in/'],2,accepted,https://goarno.io/blog/which-countries-accept-the-duolingo-english-test/,,"admission.lnmu@gmail.com,+91-9771884350 ",http://www.lnmuniversity.com/ugentrance23/support.aspx
JIS Institute of Pharmacy,['jisiop.org'],['https://jisiop.org/'],2,not mentioned,,,,
Gujarat Technological University Ahmedabad,['gtu.ac.in'],['http://www.gtu.ac.in/'],2,accepted,https://www.quora.com/Should-I-study-for-the-Duolingo-English-Test,,"registrar@gtu.ac.in,info@gtu.ac.in,- 382424,+079-23267521 ,+079-23267570",https://www.getmyuni.com/college/gujarat-technological-university-gtu-ahmedabad/admission
"ICFAI University, Raipur",['iuraipur.edu.in'],['https://www.iuraipur.edu.in/'],2,not mentioned,,,,
Indira Gandhi Institute of Development and Research,['igidr.ac.in'],['http://www.igidr.ac.in/'],2,not mentioned,,,,
Indian Institute of Information Technology and Management - Kerala,['iiitmk.ac.in'],['http://www.iiitmk.ac.in/'],2,accepted,https://englishtest.duolingo.com/institutions,"Undergraduate,Graduate,PhD","info@iiitmk.ac.in,+ 91 471 2527567, 471 2700777,+ 91 471 2527568",https://www.indiacollegeshub.com/colleges/indian-institute-of-information-technology-and-management-trivandrum.aspx
"Indraprastha Institute of Information Technology, Delhi",['iiitd.ac.in'],['http://www.iiitd.ac.in/'],2,accepted,https://iiitd.ac.in/admissions/btech/2024/DASA%20instructions%202024%20with%20undertakings.pdf,Graduate,"btech-admissions@iiitd.ac.in, - 110020, 91-11-2690 7140",https://iiitd.ac.in/admissions/btech/2024/
Manipur University,['manipur.nic.in'],['http://www.manipur.nic.in/maniuniversity.htm'],2,not mentioned,,,,
"Indian Institute of Management, Tiruchirappalli",['iimtrichy.ac.in'],['http://www.iimtrichy.ac.in/'],2,not mentioned,,,,
JIS School of Polytechnic,['jissp.ac.in'],['https://www.jissp.ac.in/'],2,accepted,https://englishtest.duolingo.com/institutions/accepting_institutions,,"admission.jissp@jisgroup.org, - 741235,+91 33 2502 5690 ,+91 82407 66831",https://www.getmyuni.com/college/jis-school-of-polytechnic-jissp-kolkata/admission
"Indian Institute of Information Technology, Vadodara",['iiitvadodara.ac.in'],['http://iiitvadodara.ac.in/'],2,not mentioned,,,,
Aligarh Muslim University,['amu.ac.in'],['http://www.amu.ac.in/'],2,accepted,https://englishtest.duolingo.com/institutions/accepting_institutions?ref=blog.englishtest.duolingo.com,"Undergraduate,Graduate,PhD"," 202002 , 0114 1219 005",https://www.amuonline.in/contact.html
PSG College of Technology,['psgtech.edu'],['http://www.psgtech.edu/'],2,not mentioned,,,,
University of Madras,['unom.ac.in'],['http://www.unom.ac.in/'],2,not mentioned,,,,
Visva-Bharati University,['visva-bharati.ac.in'],['http://www.visva-bharati.ac.in/'],2,not mentioned,,,,
Sri Ramachardra Medical College and Research Institute,['sriramachandra.edu.in'],['https://www.sriramachandra.edu.in/'],2,not mentioned,,,,
"Indian Institute of Technology, Roorkee",['iitr.ac.in'],['http://www.iitr.ac.in/'],2,not mentioned,,,,
"Indian Institute of Technology, Patna",['iitp.ac.in'],['http://www.iitp.ac.in/'],2,accepted,https://www.reddit.com/r/IIT/comments/1g4kmfi/duolingo_acceptance/,Graduate," - 801106,+91 6115 233 337 ",https://www.iitp.ac.in/?option=com_content&view=article&id=336:contact
First Global University to teaching Jainism,['jainuniversity.org'],['http://www.jainuniversity.org/'],2,not mentioned,,,,
"Indian Institute of Technology, Jodhpur",['iitj.ac.in'],['http://www.iitj.ac.in/'],2,not mentioned,,,,
Indian Veterinary Research Institute,['ivri.nic.in'],['http://www.ivri.nic.in/'],2,not mentioned,,,,
University of Petroleum and Energy Studies,['upes.ac.in'],['https://www.upes.ac.in/'],2,not mentioned,,,,
Tilka Manjhi Bhagalpur University,['tmbu.org'],['http://www.tmbu.org/'],2,not mentioned,,,,
Nagaland University,['nagauniv.org.in'],['http://www.nagauniv.org.in/'],2,not mentioned,,,,
Indian School of Business Management and Administration,['isbm.org.in'],['http://isbm.org.in/'],2,not mentioned,,,,
Panjab University,['puchd.ac.in'],['http://www.puchd.ac.in/'],2,not mentioned,,,,
JIS University,['jisuniversity.ac.in'],['https://www.jisuniversity.ac.in/'],2,not mentioned,,,,
Indian University,['iur.ac.in'],['http://www.iur.ac.in/'],2,accepted,https://admissions.ua.edu/international/english-language-proficiency/,"Undergraduate,Graduate"," 812-855-0661 , 812-855-5102 , 47405-7108",https://admissions.indiana.edu/contact/index.html
Darul Huda Islamic University,['darulhuda.com'],['http://www.darulhuda.com/'],2,not mentioned,,,,
Ch. Charan Singh University,['ccsuniversity.org'],['http://www.ccsuniversity.org/'],2,not mentioned,,,,
Rajitlal Institute of Technology & Health Sciences (RITHS),['riths.ac.in'],['http://www.riths.ac.in/'],2,not mentioned,,,,
Sher-E-Kashmir University of Agricultural Sciences and Technology,['skuastkashmir.ac.in'],['http://www.skuastkashmir.ac.in/'],2,not mentioned,,,,
"Indian Institute of Technology, Madras",['iitm.ac.in'],['http://www.iitm.ac.in/'],2,not mentioned,,,,
Jawaharlal Nehru Technological University Hyderabad,['jntuh.ac.in'],['http://www.jntuh.ac.in/'],2,not mentioned,,,,
Jawaharlal Nehru University,['jnu.ac.in'],['http://www.jnu.ac.in/'],2,not mentioned,,,,
RMK Engineering College,['rmkec.ac.in'],['http://www.rmkec.ac.in/'],2,not mentioned,,,,
Kannada University,['kannadauniversity.org'],['http://www.kannadauniversity.org/'],2,not mentioned,,,,
Rabindra Bharati University,['rabindrabharatiuniversity.net'],['http://www.rabindrabharatiuniversity.net/'],2,not mentioned,,,,
Narendra Deva University of Agriculture and Technology,['nduat.nic.in'],['http://www.nduat.nic.in/'],2,not mentioned,,,,
Dr. D.Y. Patil University,['dypatiluniversity.org'],['http://www.dypatiluniversity.org/'],2,not mentioned,,,,
Kuvempu University,['kuvempu.ac.in'],['http://www.kuvempu.ac.in/'],2,not mentioned,,,,
Bhupendra Narayan Mandal University,['bnmu.in'],['http://www.bnmu.in/'],2,not mentioned,,,,
University of Kashmir,['kashmiruniversity.net'],['http://kashmiruniversity.net/'],2,not mentioned,,,,
Kerala Agricultural University,['kau.edu'],['http://www.kau.edu/'],2,not mentioned,,,,
Saurashtra University,['saurashtrauniversity.edu'],['http://www.saurashtrauniversity.edu/'],2,not mentioned,,,,
Yashawantrao Chavan Maharashtra Open University,['ycmou.com'],['http://www.ycmou.com/'],2,not mentioned,,,,
Sri Sai Ram Institute of Technology,['sairamit.edu.in'],['https://sairamit.edu.in/'],2,accepted,https://www.applyboard.com/blog/schools-accepting-duolingo-english-language-requirements,,"sairam@sairamit.edu.in,career@sairamit.edu.in, - 600044,+91-44-22512111 , 2251 2333 ,+91-44-22512444,+91-44-22512323",https://it.sairamit.edu.in/
Kumaun University,['kumaununiversity.org'],['http://www.kumaununiversity.org/'],2,not mentioned,,,,
Magadh University,['magadhuniversity.org'],['http://www.magadhuniversity.org/'],2,not mentioned,,,,
National Institute of Technology Manipur,['nitmanipur.ac.in'],['http://www.nitmanipur.ac.in'],2,not mentioned,,,,
Mahatma Phule Agricultural University,['mpkv.mah.nic.in'],['http://mpkv.mah.nic.in/'],2,not mentioned,,,,
"Indian Institute of Technology, Delhi","['iitd.ernet.in', 'iitd.ac.in']","['http://www.iitd.ernet.in/', 'https://home.iitd.ac.in/']",2,not mentioned,,,,
Manav Rachna University,['manavrachna.edu.in'],['https://manavrachna.edu.in/'],2,not mentioned,,,,
Tumkur University,['tumkuruniversity.ac.in'],['http://www.tumkuruniversity.ac.in/'],2,not mentioned,,,,
Jamia Hamdard University,['jamiahamdard.edu'],['http://www.jamiahamdard.edu/'],2,not mentioned,,,,
National Institute of Technology Sikkim,['nitsikkim.ac.in'],['http://www.nitsikkim.ac.in/'],2,not mentioned,,,,
"Mahatma Gandhi University, Kerala",['mgu.ac.in'],['http://www.mgu.ac.in/'],2,accepted,https://www.bachelorsportal.com/universities/20557/mahatma-gandhi-university.html,"Undergraduate,Graduate","frontoffice@mgu.ac.in, - 686 560, 0481 2733516, 2733580, 2733505,2733375 ",https://www.mgu.ac.in/about/rti/contact-us/
Tamil Nadu Veterinary and Animal Sciences University,['tanuvas.com'],['http://www.tanuvas.com/'],2,not mentioned,,,,
Sikha 'O' Anushandhan University,['soauniversity.ac.in'],['http://www.soauniversity.ac.in/'],2,not mentioned,,,,
Bangalore University,['bengaluruuniversity.com'],['http://bengaluruuniversity.com/'],2,accepted,https://www.bangor.ac.uk/international/future/englishlanguage,"Undergraduate,Graduate,PhD"," 080-22961000, 22961037, 22961040, 23213023",https://www.indiastudychannel.com/universities/28-bangalore-university
Saveetha Engineering College,['saveetha.ac.in'],['https://www.saveetha.ac.in/'],2,not mentioned,,,,
Ashoka University,['ashoka.edu.in'],['https://www.ashoka.edu.in'],2,not mentioned,,,,
Himachal Pradesh University,['hpuniv.nic.in'],['http://hpuniv.nic.in/'],2,not mentioned,,,,
Panimalar Engineering College,"['panimalar.ac.in', 'panimalarengineeringcollegechennai.ac.in']","['https://panimalar.ac.in', 'https://panimalarengineeringcollegechennai.ac.in/']",2,not mentioned,,,,
Himachal Pradesh Agricultural University,['hillagric.ernet.in'],['http://hillagric.ernet.in/'],2,not mentioned,,,,
Dr. Babasaheb Ambedkar Technological University,['dbatechuni.org'],['http://www.dbatechuni.org/'],2,not mentioned,,,,
Institute of Management Studies,['nims.net.in'],['http://www.nims.net.in/'],2,accepted,https://admissions.miami.edu/undergraduate/application-process/admission-requirements/english-proficiency-requirements/index.html,"Undergraduate,Graduate"," - 400 056, 022-4235 5555",https://sbm.nmims.edu/contact
National Institute of Technology Andhra Pradesh,['nitandhra.ac.in'],['http://www.nitandhra.ac.in/'],2,accepted,https://www.tntech.edu/admissions/international/freshmen/esl.php,"Undergraduate,Graduate,PhD","registrar@nitandhra.ac.in, - 534102, 08818-284710",https://www.getmyuni.com/college/national-institute-of-technology-nit-ap-andhra-pradesh/admission
Kerala University of Fisheries and Ocean Sciences,['kufos.ac.in'],['http://www.kufos.ac.in/'],2,accepted,https://goarno.io/blog/which-countries-accept-the-duolingo-english-test/,,"admissions@kufos.ac.in, 0484 2275032, 682 506",http://admission.kufos.ac.in/Home/helpdesk
Karnataka State Law University,['kslu.ac.in'],['http://www.kslu.ac.in/'],2,accepted,https://www.ulster.ac.uk/global/apply/english-language-requirements,,"ksluregistrar@karnataka.gov.in,kslulawschool@gmail.com,+91-836-2222392, 2222492 , 2024 - 2025 ",https://www.indiastudychannel.com/universities/1397-karnataka-state-law-university
National Institute of Technology Delhi,['nitdelhi.ac.in'],['http://www.nitdelhi.ac.in/'],2,accepted,https://theworldgrad.com/study-resources/duolingo-english-test-det-2024-exam-dates-fees-registration-pattern-scores/,,"Email-secretary@nitdelhi.ac.in, 011-33861005 ,+91-1133861005",https://nitdelhi.ac.in/admissions-registration/
National Institute of Technology Goa,['nitgoa.ac.in'],['http://www.nitgoa.ac.in/'],2,not mentioned,,,,
Birsa Agricultural University,['bau.nic.in'],['http://www.bau.nic.in/'],2,not mentioned,,,,
Mangalore University,['mangaloreuniversity.ac.in'],['http://www.mangaloreuniversity.ac.in/'],2,not mentioned,,,,
National Institute of Technology Mizoram,['nitmz.ac.in'],['http://www.nitmz.ac.in'],2,not mentioned,,,,
National Institute of Technology Calicut,['nitc.ac.in'],['http://www.nitc.ac.in/'],2,not mentioned,,,,
Nagpur University,['nagpur-university.com'],['http://www.nagpur-university.com/'],2,not mentioned,,,,
Guru Nanak Institute of Pharmaceutical Science & Technology,['gnipst.ac.in'],['https://www.gnipst.ac.in/'],2,not mentioned,,,,
Guru Nanak Institute of Hotel Management,['gnihm.ac.in'],['https://www.gnihm.ac.in/'],2,not mentioned,,,,
Mahatma Jyotiba Phule Rohilkhand University Bareilly,['mjpru.ac.in'],['http://www.mjpru.ac.in/'],2,accepted,https://in.linkedin.com/in/pavni-mishra-b8b93a26a,"Undergraduate,Graduate,PhD","registrar@mjpru.ac.in, 418000 , 05812520801",https://www.studyclap.com/university/mahatma-jyotiba-phule-rohilkhand-university-bareilly-8053cab0bf
Saveetha University,['saveetha.com'],['https://www.saveetha.com/'],2,accepted,https://englishtest.duolingo.com/institutions/accepting_institutions,"Undergraduate,Graduate,PhD","admission@saveetha.ac.in, 66726603,+91-8939902737",https://saveetha.ac.in/admission-procedure/
Orissa University of Agriculture and Technology,['bhub.ori.nic.in'],['http://bhub.ori.nic.in/ouat/'],2,not mentioned,,,,
Velammal Institute of Technology,['velammalitech.edu.in'],['https://velammalitech.edu.in/'],2,accepted,https://goarno.io/blog/which-countries-accept-the-duolingo-english-test/,,"info@velammaltrust.com, 044 - 65161766 , 044 - 26591841 , 044 - 26590757 ",https://velammalitech.edu.in/contact-us/
National Institute of Technology Meghalaya,['nitm.ac.in'],['http://www.nitm.ac.in'],2,accepted,https://en.wikipedia.org/wiki/Duolingo_English_Test,Graduate,"admissions_incharge_ug@nitm.ac.in,admissions_ug@nitm.ac.in, 91-364-2501294",https://josaa.admissions.nic.in/applicant/seatmatrix/InstProfile.aspx?instcd=212
Uttar Pradesh Technical University,['uptu.ac.in'],['http://www.uptu.ac.in/'],2,accepted,https://www.universityliving.com/blog/admission-guide/duolingo-english-test/,,"registrar@aktu.ac.in, 555996 , 05222336805",https://www.studyclap.com/university/uttar-pradesh-technical-university-lucknow-eeb3b93cf0
Atharva College of Engineering,['atharvacoe.ac.in'],['https://atharvacoe.ac.in'],2,not mentioned,,,,
Jawaharlal Nehru Agricultural University,['jnkvv.nic.in'],['http://www.jnkvv.nic.in/'],2,not mentioned,,,,
Gandhi Institute of Technology and Managment,['gitam.edu'],['http://www.gitam.edu/'],2,not mentioned,,,,
Indian Institute of Information Technology Sri City,['iiits.in'],['https://www.iiits.ac.in/'],2,not mentioned,,,,
Ramaiah University of Applied Sciences,['msruas.ac.in'],['https://msruas.ac.in'],2,not mentioned,,,,
Sardar Patel University,['spuvvn.edu'],['http://www.spuvvn.edu/'],2,not mentioned,,,,
Jai Narain Vyas University,['ptetjnvu.org'],['http://www.ptetjnvu.org/'],2,not mentioned,,,,
ARYA Institute of Engineering & Technology,['aryainstitutejpr.com'],['http://www.aryainstitutejpr.com/'],2,not mentioned,,,,
Malaviya National Institute of Technology Jaipur,['mnit.ac.in'],['http://www.mnit.ac.in/'],2,not mentioned,,,,
RMK College of Engineering and Technology,['rmkcet.ac.in'],['https://rmkcet.ac.in/'],2,not mentioned,,,,
Bhavnagar University,['bhavuni.edu'],['http://www.bhavuni.edu/'],2,not mentioned,,,,
Indian Agricultural Research Institute,['iari.ernet.in'],['http://www.iari.ernet.in/'],2,accepted,https://www.msmunify.com/blogs/duolingo-accepting-universities-in-the-usa-for-indian-students-in-2023/,Graduate," 011-25843438, 011-25842390 , 011-25846420",https://iari.auams.in/Contact_us
Mahatma Gandhi Kashi Vidyapith,['mgkvp.ac.in'],['http://www.mgkvp.ac.in/'],2,not mentioned,,,,
Bankura University,['bankurauniv.com'],['http://www.bankurauniv.com/'],2,not mentioned,,,,
University of Delhi,['du.ac.in'],['http://www.du.ac.in/'],2,accepted,https://theworldgrad.com/study-resources/duolingo-english-test-det-2024-exam-dates-fees-registration-pattern-scores/,"Undergraduate,Graduate,PhD","duet@nta.ac.in,+91-11-27662602, 011-40759000",https://admission.uod.ac.in/2021/?Admission-Helpdesk
National Law School of India University,['nls.ac.in'],['http://www.nls.ac.in/'],2,not mentioned,,,,
Dr. Panjabrao Deshmukh Krishi Vidyapeeth,['pdkv.ac.in'],['http://www.pdkv.ac.in/'],2,not mentioned,,,,
Sri Sai Ram Engineering College,['sairam.edu.in'],['https://sairam.edu.in/'],2,not mentioned,,,,
IASE (Institute of Advanced Studies) Deemed University,['iaseduniv.org'],['http://www.iaseduniv.org/'],2,not mentioned,,,,
Annamalai University,['annamalaiuniversity.ac.in'],['http://www.annamalaiuniversity.ac.in/'],2,not mentioned,,,,
"Maharaja Ganga Singh University, Bikaner",['mgsubikaner.ac.in'],['http://www.mgsubikaner.ac.in/'],2,not mentioned,,,,
National Dairy Research Institute,['ndri.nic.in'],['http://ndri.nic.in/'],2,not mentioned,,,,
Shri Jagdishprasad Jhabarmal Tibrewala University,['jjtu.ac.in'],['https://jjtu.ac.in/'],2,not mentioned,,,,
Loyola-ICAM College of Engineering and Technology,['licet.ac.in'],['https://licet.ac.in/'],2,accepted,https://www.luc.edu/undergrad/apply/internationalfreshman/requirements/,"Undergraduate,Graduate","licet@licet.ac.in,+91 - 44 - 28178490, 9003813339 , - 600034",https://licet.ac.in/help-desk/
"ICFAI University, Meghalaya",['iumeghalaya.edu.in'],['https://www.iumeghalaya.edu.in/'],2,not mentioned,,,,
Makanlal Chutur Vedi University,['mcu.ac.in'],['http://www.mcu.ac.in/'],2,accepted,https://englishtest.duolingo.com/institutions/accepting_institutions,"Undergraduate,Graduate,PhD","mcu.pravesh@gmail.com,admission@mcu.ac.in, 0755-2553523 , 9754870534 , 7693861752 ",https://www.mcu.ac.in/how-to-apply-in-english/
CMJ University,['cmjuniversity.edu.in'],['http://www.cmjuniversity.edu.in/'],2,accepted,https://www.cmu.edu/admission/admission/international-applicants,"Undergraduate,Graduate","info@cmjumeghalaya.edu.in,registrar@cmjumeghalaya.edu.in,-793101 , 0361-2897413 , 0361-2897101 ,2897416 , 863854226 ",https://www.cmjumeghalaya.edu.in/contact.html
Indira Gandhi Institute of Medical Sciences,['igims.org'],['http://www.igims.org/'],2,not mentioned,,,,
Lakshmibai National Institute of Physical Education,['lnipe.edu'],['http://www.lnipe.edu/'],2,not mentioned,,,,
West Bengal University of Technology,['wbut.net'],['http://www.wbut.net/'],2,not mentioned,,,,
"Anna University of Technology, Tirunelveli",['annauniv.edu.in'],['http://www.annauniv.edu.in/'],2,not mentioned,,,,
"International Institute of Information Technology, Bhubaneswar",['iiit-bh.ac.in'],['https://www.iiit-bh.ac.in/'],2,accepted,https://englishtest.duolingo.com/institutions/accepting_institutions?ref=blog.englishtest.duolingo.com,"Undergraduate,Graduate,PhD","offdirector@iiit-bh.ac.in,+91-674-3060500, 0674-3060-504",https://www.campusoption.com/college/admission/international-institute-of-information-technology-bhubaneswar
Madurai Kamaraj University,['mkuhyd.com'],['http://www.mkuhyd.com/'],2,not mentioned,,,,
Center for Entrepreneurship and Small Business Management,['cesbm.ac.in'],['http://www.cesbm.ac.in/'],2,accepted,https://www.purdue.edu/gradschool/admissions/how-to-apply/apply-toefl.html,"Undergraduate,Graduate","CSUFentrepreneurship@fullerton.edu, 3280 800 , 92834-6848 , 278-3464 ",https://business.fullerton.edu/engagement/entrepreneurship/contact
Pondicherry University,['bicpu.edu.in'],['https://bicpu.edu.in'],2,not mentioned,,,,
Easwari Engineering College,['srmeaswari.ac.in'],['https://srmeaswari.ac.in/'],2,not mentioned,,,,
"ICFAI University, Himachal Pradesh",['iuhimachal.edu.in'],['https://www.iuhimachal.edu.in/'],2,not mentioned,,,,
Lovely Professional University,['lpu.in'],['http://www.lpu.in/'],2,not mentioned,,,,
University of Mumbai,['mu.ac.in'],['http://www.mu.ac.in/'],2,not mentioned,,,,
COEP Technological University,['coeptech.ac.in'],['https://www.coep.org.in/'],2,not mentioned,,,,
Sanjay Gandhi Postgraduate lnstitute of Medical Sciences,['sgpgi.ac.in'],['http://www.sgpgi.ac.in/'],2,not mentioned,,,,
South Gujarat University,['sgu.ernet.in'],['http://www.sgu.ernet.in/'],2,accepted,https://www.aeccglobal.in/exams/duolingo/eligibility-criteria,," - 395007, 2227141 , 2227146 , 1800 2333 011 , 2388888 ",https://www.vnsgu.ac.in/contactus.html
National Institute of Mental Health and Neuro Sciences,['nimhans.kar.nic.in'],['http://www.nimhans.kar.nic.in/'],2,not mentioned,,,,
Deccan College Postgraduate and Research Institute,['deccancollegepune.ac.in'],['http://www.deccancollegepune.ac.in/'],2,accepted,https://collegedunia.com/exams/duolingo,,"academic@dcpune.ac.in,registrar@dcpune.ac.in, 411 006, 020-26513237 , 9881040304 , 020-26513284 ",https://dcpune.ac.in/Contact.html
"ICFAI University, Hyderabad",['ifheindia.org'],['https://www.ifheindia.org/'],2,not mentioned,,,,
Jai Prakash University,['jpv.bih.nic.in'],['http://jpv.bih.nic.in/'],2,not mentioned,,,,
Madras Institute of Technology,['mitindia.edu'],['https://www.mitindia.edu/en/'],2,accepted,https://www.collegevine.com/faq/58411/mit-duolingo-requirements,"Undergraduate,Graduate","dean@mitindia.edu,deanmit@annauniv.edu, -600044 , 044 2251 6002",https://www.telegraphindia.com/edugraph/colleges/madras-institute-of-technology-chennai-mitc/177
Chandil Polytechnic School,['chandilpolytechnic.org'],['https://www.chandilpolytechnic.org/'],2,not mentioned,,,,
KIET Group of Institutions,['kiet.edu'],['https://kiet.edu'],2,accepted,https://duolingoguides.com/duolingo-accepted-countries/,,"admission.as@kiet.edu,+91-7949335337",https://www.kiet.edu/home/contact
National Institute of Technology Jamshedpur,['nitjsr.ac.in'],['http://www.nitjsr.ac.in/'],2,not mentioned,,,,
Alpha College of Engineering,['alphagroup.edu'],['https://alphagroup.edu/engineering/'],2,not mentioned,,,,
Central Agricultural University,['cau.org.in'],['http://www.cau.org.in/'],2,not mentioned,,,,
Vardhaman Mahaveer Open University,['vmou.ac.in'],['http://www.vmou.ac.in/'],2,not mentioned,,,,
Sri Venkateswara College of Engineering,['svce.ac.in'],['https://www.svce.ac.in/'],2,not mentioned,,,,
Sri Venkateswara Institute of Medical Sciences,['svimstpt.ap.nic.in'],['http://svimstpt.ap.nic.in/'],2,not mentioned,,,,
University of Mysore,['uni-mysore.ac.in'],['http://www.uni-mysore.ac.in/'],2,not mentioned,,,,
University of Hyderabad,['uohyd.ernet.in'],['http://www.uohyd.ernet.in/'],2,not mentioned,,,,
Indus University,['indusuni.ac.in'],['http://www.indusuni.ac.in/'],2,not mentioned,,,,
Ahmedabad University,['ahduni.edu.in'],['http://www.ahduni.edu.in/'],2,not mentioned,,,,
Chaudhary Charan Singh University,['ccsuniversity.ac.in'],['http://www.ccsuniversity.ac.in/'],2,not mentioned,,,,
National Institute of Technology Kurukshetra,['nitkkr.net'],['http://www.nitkkr.net/'],2,accepted,https://en.wikipedia.org/wiki/Duolingo_English_Test,"Undergraduate,Graduate,PhD","admission@nitkkr.ac.in,scholarship@nitkkr.ac.in,dr1@nitkkr.ac.in,- 01744-233227,- 01744-233227",https://nitkkr.ac.in/contact-us-academic/
Assam Agricultural University,['aau.ac.in'],['http://www.aau.ac.in/'],2,not mentioned,,,,
Tata Institute of Social Sciences,['tiss.edu'],['http://www.tiss.edu/'],2,not mentioned,,,,
Rajiv Gandhi University,['rgu.ac.in'],['http://www.rgu.ac.in/'],2,not mentioned,,,,
Dayalbagh Educational Institute,['dei.ac.in'],['http://www.dei.ac.in/'],2,not mentioned,,,,
Institute of Technology and Management,['itmindia.edu'],['http://www.itmindia.edu/'],2,accepted,https://www.stevens.edu/graduate-education/english-language-proficiency-policy,"Undergraduate,Graduate","campus@iesbpl.ac.in,admissions@iesbpl.ac.in, 9229251477, 9229251422",https://iitandm.in/contact
International Institute for Population Sciences,['iipsindia.org'],['http://www.iipsindia.org/'],2,not mentioned,,,,
AISECT University,['aisectuniversity.ac.in'],['http://www.aisectuniversity.ac.in/'],2,accepted,https://englishtest.duolingo.com/institutions/accepting_institutions,"Undergraduate,Graduate,PhD","+91-8252299990,+91-840-488-4433 ",https://ntaexam.net/aisect-university-admission-2024/
West Bengal University of Animal and Fishery Sciences,['wbuafs.nic.in'],['http://www.wbuafs.nic.in/'],2,not mentioned,,,,
Dr. Ram Manohar Lohia Avadh University,['rmlau.ac.in'],['http://www.rmlau.ac.in/'],2,accepted,https://www.canamgroup.com/testprep/duolingo/duolingo-eligibility,,"+91 5278-246223,+91 5278-246330",https://www.university-directory.eu/India/DR--RAM-MANOHAR-LOHIA-AVADH-UNIVERSITY.html
"ICFAI University, Sikkim",['iusikkim.edu.in'],['https://www.iusikkim.edu.in/'],2,not mentioned,,,,
Alagappa University,['alagappauniversity.ac.in'],['http://www.alagappauniversity.ac.in/'],2,accepted,https://www.gotouniversity.com/university/alagappa-university/ielts,,"coe@alagappauniversity.ac.in,alucoese@gmail.com, - 630 003 , 4565 223120 , 4565 225624 ",https://alagappauniversity.ac.in/about/contact-us
Rajasthan Technical University,['rtu.ac.in'],['http://www.rtu.ac.in/'],2,not mentioned,,,,
Sri Sivasubramaniya Nadar Institutions,['ssn.edu.in'],['https://www.ssn.edu.in/'],2,accepted,https://leapscholar.com/blog/duolingo-accepted-countries-and-universities/,," 044 - 2441 1656 , 2441 6474",https://www.ssn.edu.in/admission-contact-us/
All India Institute of Medical Sciences,['aiims.ac.in'],['http://www.aiims.ac.in/'],2,not mentioned,,,,
VIT Bhopal,['vitbhopal.ac.in'],['https://vitbhopal.ac.in/'],2,not mentioned,,,,
Biju Pattnaik University of Technology,['bput.org'],['http://www.bput.org/'],2,not mentioned,,,,
Deen Dayal Upadhyay Gorakhpur University,['ddugu.edu.in'],['http://www.ddugu.edu.in/'],2,not mentioned,,,,
Kameshwar Singh Darbhanga Sanskrit University,['ksdsu.edu.in'],['http://www.ksdsu.edu.in/'],2,not mentioned,,,,
Kannur University,['kannuruniversity.ac.in'],['http://www.kannuruniversity.ac.in/'],2,accepted,https://englishtest.duolingo.com/institutions/accepting_institutions,,"deptsws@kannuruniv.ac.in,ugsws@kannuruniv.ac.in, 0497-2715284, 0497-2715261,7356948230 ",https://admission.kannuruniversity.ac.in/contact.php
Nizam's Institute of Medical Sciences,['nims.ap.nic.in'],['http://nims.ap.nic.in/'],2,not mentioned,,,,
University of Kalyani,['klyuniv.ac.in'],['http://www.klyuniv.ac.in/'],2,not mentioned,,,,
Indira Gandhi National Open University,['ignou.ac.in'],['http://www.ignou.ac.in/'],2,accepted,https://unischolars.com/blog/duolingo-english-test/,,"info@ignou.com, 29534229, 29534326, 29571984, 29571985, 29571986 , 29572513, 29572514 ",https://www.ignou.ac.in/contactUs?nav=9
CCS Haryana Agricultural University,['hau.ernet.in'],['http://hau.ernet.in/'],2,accepted,https://www.ccsdetroit.edu/divi_overlay/english-proficiency-exam/,"Undergraduate,Graduate"," - 125004,+91-01662-234613",https://www.mynextexam.com/university/haryana/hisar/chaudhary-charan-singh-haryana-agricultural-university-hisar
Dr. B. R. Ambedkar National Institute of Technology Jalandhar,['nitj.ac.in'],['http://www.nitj.ac.in/'],2,not mentioned,,,,
Bharati Vidyapeeth University,['bharatividyapeeth.edu'],['http://www.bharatividyapeeth.edu/'],2,not mentioned,,,,
Gujarat University Ahmedabad,['gujaratuniversity.org.in'],['http://www.gujaratuniversity.org.in/'],2,accepted,https://sisd.gujaratuniversity.ac.in/admission_rules,"Undergraduate,Graduate,PhD"," - 380 009,+91-079-26301341, 26300342,+91-079-26302654",http://www.gujaratuniversity.org.in/web/WebContactUs.asp
Central Institute of English and Foreign Languages,['ciefl.org'],['http://www.ciefl.org/'],2,not mentioned,,,,
Jiwaji University,['jiwaji.edu'],['http://www.jiwaji.edu/'],2,not mentioned,,,,
Sharda University,['sharda.ac.in'],['https://www.sharda.ac.in/'],2,accepted,https://www.bachelorsportal.com/studies/468942/computer-science-and-engineering.html?ref=search_card,"Undergraduate,Graduate","admission@sharda.ac.in,+91-120-4570000 ,+91-120-4060210 ,+91-120-4060211 ,- 9205586066",https://www.sharda.ac.in/international/admission-offices
"ICFAI University, Mizoram",['iumizoram.edu.in'],['https://www.iumizoram.edu.in/'],2,not mentioned,,,,
"Indian Institute of Information Technology, Guwahati",['iiitg.ac.in'],['http://www.iimtrichy.ac.in/'],2,not mentioned,,,,
SA Engineering College,['saec.ac.in'],['https://www.saec.ac.in/'],2,not mentioned,,,,
"Allahabad Agricultural Institute, Deemed University",['aaidu.org'],['http://www.aaidu.org/'],2,accepted,https://www.msmunify.com/blogs/duolingo-accepting-universities-in-the-usa-for-indian-students-in-2023/,"Undergraduate,Graduate,PhD","registrar@aaidu.org, 2684281, 2684593",https://www.examrace.com/Universities/Agricultural-Universities/Allahabad-Agricultural-Institute.html
School of Planning and Architecture,['spa.ac.in'],['http://www.spa.ac.in/'],2,accepted,https://www.design.upenn.edu/graduate-admissions/information-international-applicants,Graduate," 110 002 ,+ 91 11 2370 2375 ,+ 91 11 2370 2376 ,+ 91 11 2372 4383 ,+ 91 11 2370 2383 ",https://www.delhiinformation.in/education/spa
DAV Institute of Engineering & Technology,['davietjal.org'],['http://www.davietjal.org/'],2,not mentioned,,,,
Allahabad University,['alldunivpio.org'],['http://www.alldunivpio.org/'],2,accepted,https://www.allduniv.ac.in/upload/file_collection/TABLE%201%20ELIGIBILITY%20REQUIREMENT%20IN%20UG%20COURSES.pdf,,"+880 111 222 333 ,+880 111 222 333, - 211002 0532-2461083",https://www.allduniv.ac.in/contact/
North Eastern Hill University,['nehu.ac.in'],['http://www.nehu.ac.in/'],2,not mentioned,,,,
University of Roorkee,['uor.org'],['http://www.uor.org/'],2,accepted,https://englishtest.duolingo.com/institutions/accepting_institutions,,,https://www.iitr.ac.in/Academics/Contact.html
Thiruvalluvar University,['tvuni.in'],['http://www.tvuni.in/'],2,not mentioned,,,,
Maulana Azad National Institute of Technology Bhopal,['manit.ac.in'],['http://www.manit.ac.in/'],2,not mentioned,,,,
Anna University,['annauniv.edu'],['http://www.annauniv.edu/'],2,not mentioned,,,,
Central Institute of Fisheries Education,['cife.edu.in'],['http://www.cife.edu.in/'],2,not mentioned,,,,
Punjab Agricultural University,['pau.edu'],['http://www.pau.edu/'],2,accepted,https://www.sangenbd.com/media/blog/duolingo-accepted-countries-and-universities,Graduate,"registrar@pau.edu, - 141004, 91-161-2401960-79",https://www.getmyuni.com/college/punjab-agricultural-university-pau-ludhiana/admission
Kanpur University,['kanpuruniversity.org'],['http://www.kanpuruniversity.org/'],2,not mentioned,,,,
Gujarat Ayurved University,['ayurveduniversity.com'],['http://www.ayurveduniversity.com/'],2,not mentioned,,,,
Maharaja Sayajirao University of Baroda,['msubaroda.ac.in'],['http://www.msubaroda.ac.in/'],2,not mentioned,,,,
National Institute of Technology Trichy,['nitt.edu'],['http://www.nitt.edu/'],2,accepted,https://en.wikipedia.org/wiki/Duolingo_English_Test,"Undergraduate,Graduate,PhD","deanac@nitt.edu, - 620015, 0431-2501801 - 2501808 , 2025 - 2026 ",https://www.indiastudychannel.com/universities/679-national-institute-of-technology-trichy
Sido Kanhu Murmu University,['skmu.edu.in'],['http://www.skmu.edu.in/'],2,accepted,https://duolingoguides.com/duolingo-accepted-countries/,,"s.k.m.university.dumka@gmail.com, - 814110, 06434-222495",https://www.getmyuni.com/college/sido-kanhu-murmu-university-dumka/admission
Velammal Engineering College,['velammal.edu.in'],['https://velammal.edu.in/'],2,not mentioned,,,,
Punjab Technical University,['ptu.ac.in'],['http://www.ptu.ac.in/'],2,not mentioned,,,,
Hindustan Institute of Technology and Science,['hindustanuniv.ac.in'],['https://hindustanuniv.ac.in/'],2,not mentioned,,,,
Berhampur University,['bamu.nic.in'],['http://www.bamu.nic.in/'],2,not mentioned,,,,
Mohan Lal Sukhadia University,['mlsu.ac.in'],['http://www.mlsu.ac.in/'],2,not mentioned,,,,
Barkatullah University,['bubhopal.nic.in'],['http://www.bubhopal.nic.in/'],2,not mentioned,,,,
Indian Statistical Institute,['isical.ac.in'],['http://www.isical.ac.in/'],2,not mentioned,,,,
Pandit Deendayal Petroleum University,['pdpu.ac.in'],['http://www.pdpu.ac.in/'],2,not mentioned,,,,
Tamil Nadu Dr. Ambedkar Law University,['tndalu.org'],['http://www.tndalu.org/'],2,not mentioned,,,,
Periyar University,['spuniv.org'],['http://www.spuniv.org/'],2,not mentioned,,,,
Moulana Azad national Urdu University,['manuu.ac.in'],['http://www.manuu.ac.in/'],2,not mentioned,,,,
Dhirubhai Ambani Institute of Information and Communication Technology,['da-iict.org'],['http://www.da-iict.org/'],2,not mentioned,,,,
Chandra Shekhar Azad University of Agriculture and Technology,['csauk.ac.in'],['http://www.csauk.ac.in/'],2,not mentioned,,,,
Sri Venkateswara University,['svuni.ap.nic.in'],['http://svuni.ap.nic.in/'],2,not mentioned,,,,
"ICFAI University, Nagaland",['iunagaland.edu.in'],['https://www.iunagaland.edu.in/'],2,not mentioned,,,,
Gurukula Kangri University,['gkvharidwar.org'],['http://www.gkvharidwar.org/'],2,accepted,https://www.mapmystudy.com/university/gurukul-kangri-vishwavidyalaya-haridwar/india,"Undergraduate,Graduate,PhD","registrar@kgcd.gkv.ac.in,-249404 ,07300761138 ",https://kgcd.gkv.ac.in/contact-us/
Banasthali University,['banasthali.org'],['http://www.banasthali.org/'],2,not mentioned,,,,
Ranchi University,['ranchiuniversity.org.in'],['http://www.ranchiuniversity.org.in/'],2,not mentioned,,,,
ICFAI University,['icfai.org'],['http://www.icfai.org/'],2,not mentioned,,,,
VBS Purvanchal University,['vbspu.ac.in'],['http://vbspu.ac.in/'],2,not mentioned,,,,
RMD Engineering College,['rmd.ac.in'],['https://rmd.ac.in/'],2,accepted,https://rmd.ac.in/HE/links.pdf,,"rmdecp@gmail.com, 04433303030",https://www.campusoption.com/college/rmd-engineering-college
Shreemati Nathibai Damodar Thackersey Women's University,['sndt.edu'],['http://www.sndt.edu/'],2,accepted,https://www.applyboard.com/blog/schools-accepting-duolingo-english-language-requirements,," 400049 , 022-2660 8493 022-2660 8462",https://sndt.ac.in/contact-us
Bharath Institue Of Higher Education & Research,['bharathuniv.com'],['http://www.bharathuniv.com/'],2,not mentioned,,,,
Jawaharlal Nehru Centre for Advanced Scientific Research,['jncasr.ac.in'],['http://www.jncasr.ac.in/'],2,accepted,https://www.quora.com/Is-Duolingos-official-certificate-accepted-as-proof-of-language-proficiency-by-top-ranked-universities-such-as-Oxford-and-Cambridge,others,"nsmadmin@jncasr.ac.in,-560064 ,+91 80 2208 2945",https://www.jncasr.ac.in/node/5280
University of Calcutta,['caluniv.ac.in'],['http://www.caluniv.ac.in/'],2,not mentioned,,,,
Sree Rama Krishna Degree College,['srkdc.org'],['http://www.srkdc.org/'],2,not mentioned,,,,
Jamia Millia Islamia University,['jmi.nic.in'],['http://jmi.nic.in/'],2,not mentioned,,,,
Pondicherry University,['pondiuni.org'],['http://www.pondiuni.org/'],2,not mentioned,,,,
Solapur University,['su.digitaluniversity.ac'],['http://su.digitaluniversity.ac/'],2,not mentioned,,,,
Banaras Hindu University,['bhu.ac.in'],['http://www.bhu.ac.in/'],2,not mentioned,,,,
National Institute of Technology Silchar,['nits.ac.in'],['http://www.nits.ac.in/'],2,not mentioned,,,,
National Institute of Technology Agartala,['nita.ac.in'],['http://www.nita.ac.in/'],2,not mentioned,,,,
Sree Chitra Tirunal Institute for Medical Sciences and Technology,['sctimst.ker.nic.in'],['http://sctimst.ker.nic.in/'],2,not mentioned,,,,
Babasaheb Bhimrao Ambedkar University,['bbauindia.org'],['http://www.bbauindia.org/'],2,not mentioned,,,,
Vikrama Simhapuri University,['simhapuriuniv.ac.in'],['http://www.simhapuriuniv.ac.in/'],2,not mentioned,,,,
Bhagwan Parshuram Institute of Technology,"['bpitindia.edu.in', 'bpitindia.in']",['http://bpitindia.ac.in'],2,not mentioned,,,,
"Rajasthan Agricultural University, Bikaner",['raubikaner.org'],['http://www.raubikaner.org/'],2,not mentioned,,,,
Aditya University,['aditya.ac.in'],['https://aditya.ac.in/'],2,not mentioned,,,,
Greater Kolkata College of Engineering & Management,['gkcem.ac.in'],['https://www.gkcem.ac.in/'],2,not mentioned,,,,
Nalanda Open University,['nalandaopenuniversity.info'],['http://www.nalandaopenuniversity.info/'],2,not mentioned,,,,
Tamil Nadu Dr. M.G.R. Medical University,['tnmmu.ac.in'],['http://www.tnmmu.ac.in/'],2,not mentioned,,,,
"National Museum Institute of History of Art, Conservation and Museology",['nationalmuseumindia.org'],['http://www.nationalmuseumindia.org/nmi/index.htm'],2,accepted,https://applyzones.com/museum-studies-graduate-certificate-cou45030,"Graduate,others",,https://admission.aglasem.com/nmi-delhi-admission/
Chhatrapati Shahu Ji Maharaj University,['kanpuruniversity.org'],['http://www.kanpuruniversity.org/'],2,not mentioned,,,,
National Institute of Technology Srinagar,['nitsri.net'],['http://www.nitsri.net/'],2,not mentioned,,,,
"Hidayatullah National Law University, Raipur",['hnluraipur.com'],['http://www.hnluraipur.com/'],2,not mentioned,,,,
Visvesvaraya National Institute of Technology,['vnitnagpur.ac.in'],['http://www.vnitnagpur.ac.in/'],2,accepted,https://www.quora.com/I-have-taken-the-Duolingo-English-test-and-scored-90-What-are-the-chances-to-get-accepted-in-universities-Which-universities-accept-90-in-the-Dulingo-test,Graduate,"trusharg@mec.vnit.ac.in,+91-7122801169",https://vnit.ac.in/section/academics/admission/
Dibrugarh University,['dibru.ernet.in'],['http://www.dibru.ernet.in/'],2,not mentioned,,,,
Sambalpur University,['sambalpuruniversitypgc.in'],['http://www.sambalpuruniversitypgc.in/'],2,not mentioned,,,,
National Sanskrit University,['sanskrit.nic.in'],['http://www.sanskrit.nic.in/'],2,not mentioned,,,,
Sri Padmavati Women's University,['padmavatiwomen-univ.org'],['http://www.padmavatiwomen-univ.org/'],2,accepted,https://www.applyboard.com/blog/schools-accepting-duolingo-english-language-requirements,, 0877-2284592,https://www.spmvv.ac.in/contact-details/
Shridhar University,['shridharuniversity.ac.in'],['http://www.shridharuniversity.ac.in/'],2,accepted,https://www.linkedin.com/pulse/everything-you-want-know-duolingo-english-test-dr-maulik-vyas,Graduate,"info@shridharuniversity.ac.in, - 333031 ,+91-7895 343434 ,+91-01596-298551 ",https://shridharuniversity.ac.in/Admission/AdmissionProcess
University of Health Sciences Andhra Pradesh,['ntruhs.ap.nic.in'],['http://ntruhs.ap.nic.in/'],2,not mentioned,,,,
Dr. Bhim Rao Abdekar University,['brauagra.com'],['http://www.brauagra.com/'],2,not mentioned,,,,
"Dr. Hari Singh Gour University, formerly University of Sagar",['sagaruniversity.nic.in'],['http://www.sagaruniversity.nic.in/'],2,not mentioned,,,,
Guru Jambeshwar University,['gju.ernet.in'],['http://www.gju.ernet.in/'],2,not mentioned,,,,
Guru Ghasidas University,['ggu.ac.in'],['http://www.ggu.ac.in/'],2,not mentioned,,,,
Gokhale Institute of Politics and Economics,['gipe.ernet.in'],['http://www.gipe.ernet.in/'],2,not mentioned,,,,
KCG College of Technology,['kcgcollege.ac.in'],['https://kcgcollege.ac.in/'],2,not mentioned,,,,
Indian Law Institue,['ili.ac.in'],['https://www.ili.ac.in/'],2,not mentioned,,,,
Sri Sathya Sai Institute of Higher Learning,['srisathyasai.org.in'],['http://www.srisathyasai.org.in/pages/instts/HighLearn.htm'],2,accepted,https://duolingoguides.com/duolingo-accepted-countries/,,"+91 9441 911 391 ,+91 83310 34774 ,+91 8555 287239 ",https://www.sssihl.edu.in/admissions/admissions-contacts/
Mahatma Gandhi Chitrakut Gramoday University,['ruraluniversity-chitrakoot.org'],['http://www.ruraluniversity-chitrakoot.org/'],2,accepted,https://englishtest.duolingo.com/ids,Graduate,"registrar@gramodayachitrakoot.ac.in,vc@gramodayachitrakoot.ac.in, 485334 , 07670-265411, 07670-265413 , 07670-265413 , 07670-265411 ",https://gramodayachitrakoot.ac.in/contact-directory/
Guru Nanak Institute of Dental Sciences & Research,['gnidsr.ac.in'],['https://www.gnidsr.ac.in/'],2,not mentioned,,,,
Charotar University of Science and Technology,['charusat.ac.in'],['https://www.charusat.ac.in/'],2,not mentioned,,,,
Rajagiri School of Engineering and Technology,['rajagiritech.edu.in'],['https://www.rajagiritech.edu.in/'],2,not mentioned,,,,
Rajalakshmi Engineering College,['rajalakshmi.org'],['https://www.rajalakshmi.org/'],2,not mentioned,,,,
Narsee Monjee Institute of Management Studies,['nmims.edu'],['http://www.nmims.edu/'],2,accepted,https://www.nomadcredit.com/blog/duolingo-accepted-universities-in-canada/,Graduate,"enquiry.mpstme@nmims.edu,admissions.mpstme@nmims.edu,+91 22 4233 4000 ",https://engineering.nmims.edu/contact/
Sri Krishnadevaraya University,['skuniv.ap.nic.in'],['http://skuniv.ap.nic.in/'],2,accepted,https://www.stfx.ca/applications-admissions/admissions-information/admission-requirements/admission-requirements-high,"Undergraduate,Graduate,PhD","directordoasku2015@gmail.com, 08554-255889",http://skuniversity.ac.in/doa.html
Osmania University,['osmania.ac.in'],['http://www.osmania.ac.in/'],2,not mentioned,,,,
Dr. C.V. Raman University,['cvru.ac.in'],['http://www.cvru.ac.in/'],2,not mentioned,,,,
Somaiya Vidyavihar,['somaiya.edu'],['https://somaiya.edu/'],2,accepted,https://goarno.io/blog/which-countries-accept-the-duolingo-english-test/,,"sundarrajan@somaiya.edu,internationalrelations@somaiya.edu,+91-22-67283064",https://svmhs.somaiya.edu.in/somaiya/common/contact_us/en
Fatima Mata National College,['fatimacollege.net'],['http://www.fatimacollege.net/'],2,not mentioned,,,,
Jeppiar Engineering College,['jeppiaarcollege.org'],['https://jeppiaarcollege.org/jeppiaar/'],2,not mentioned,,,,
Rani Durgavati University,['rdunijbpin.org'],['http://www.rdunijbpin.org/'],2,not mentioned,,,,
Asansol Engineering College,['aecwb.edu.in'],['http://www.aecwb.edu.in/'],2,not mentioned,,,,
National Institute of Technology Surathkal,"['nitk.ac.in', 'nitk.edu.in']","['http://www.nitk.ac.in/', 'http://www.nitk.edu.in/']",2,not mentioned,,,,
Veer Surendra Sai University of Technology,['vssut.ac.in'],['http://www.vssut.ac.in/'],2,accepted,https://www.hurrayedutech.com/post/Countries-Accepting-The-Duolingo-English-Test-For-Study-Abroad,"Undergraduate,Graduate,PhD",+91 8480 441 756,http://vssut.ac.in/contact-us.php
Nirma University,['nirmauni.ac.in'],['http://www.nirmauni.ac.in/'],2,not mentioned,,,,
Punjab Engineering College,['pec.ac.in'],['http://www.pec.ac.in/'],2,not mentioned,,,,
"International Institute of Information Technology, Bangalore",['iiitb.ac.in'],['https://www.iiitb.ac.in/'],2,not mentioned,,,,
Karunya Institute Of Technology,['karunya.edu'],['http://www.karunya.edu/'],2,not mentioned,,,,
"Indian Institute of Technology, Bombay",['iitb.ac.in'],['http://www.iitb.ac.in/'],2,not mentioned,,,,
"Indian Institute of Information Technology, Kota",['iiitkota.ac.in'],['http://iiitkota.ac.in/'],2,not mentioned,,,,
Navrachana University,['nuv.ac.in'],['https://www.nuv.ac.in/'],2,not mentioned,,,,
Sree Sankaracharya University of Sanskrit,['ssus.ac.in'],['http://www.ssus.ac.in/'],2,not mentioned,,,,
Guru Gobind Singh Indraprastha University,['ipu.ac.in'],['http://www.ipu.ac.in/'],2,not mentioned,,,,
B. S. Abdur Rahman University,['bsauniv.ac.in'],['http://www.bsauniv.ac.in/'],2,not mentioned,,,,
National Institute of Industrial Engineering,['nitie.edu'],['http://www.nitie.edu/'],2,accepted,https://www.quora.com/Is-Duolingo-accepted-as-the-English-proficiency-exam-in-every-university,Graduate,"admissions@nitie.edu, 2023-24, - 400087 , 022 - 28575590 ",https://www.eduvidya.com/Colleges/National-Institute-of-Industrial-Engineering
Singhania University,['singhaniauniversity.ac.in'],['https://singhaniauniversity.ac.in/'],2,not mentioned,,,,
Kalinga Institute of Industrial Technology (KIIT),['kiit.ac.in'],['https://kiit.ac.in/'],2,not mentioned,,,,
"Sikkim Manipal University of Health, Medical and Technological Sciences",['smu.edu.in'],['http://www.smu.edu.in/'],2,not mentioned,,,,
Jaipur National University,['jnujaipur.ac.in'],['http://www.jnujaipur.ac.in/'],2,not mentioned,,,,
University of Jammu,['jammuvarsity.org'],['http://www.jammuvarsity.org/'],2,not mentioned,,,,
"Global Open University , Nagaland",['government.ind.in'],['http://www.government.ind.in/'],2,not mentioned,,,,
Dr. B.R. Ambedkar Open University,['braou.ac.in'],['http://www.braou.ac.in/'],2,not mentioned,,,,
Pandit Ravi Shankar Shukla University,['rsuniversity.com'],['http://www.rsuniversity.com/'],2,not mentioned,,,,
North Maharashtra University,['nmu.ac.in'],['http://www.nmu.ac.in/'],2,accepted,https://www.nomadcredit.com/blog/duolingo-accepted-universities-in-canada/,"Undergraduate,Graduate,PhD"," - 0257-2258418, 9403002042, 9403002015, 9403002018, 9403002054, 9403002024, 9403002082",https://nmuj.digitaluniversity.ac/user/pages/files/Custom+Transfer+Certificate.pdf
Swami Ramanand Teerth Marathwada University,['srtmun.org'],['http://www.srtmun.org/'],2,not mentioned,,,,
St Joseph's Institute Of Technology,['stjosephstechnology.ac.in'],['https://www.stjosephstechnology.ac.in/'],2,not mentioned,,,,
"ICFAI University, Jharkhand",['iujharkhand.edu.in'],['https://www.iujharkhand.edu.in/'],2,not mentioned,,,,
JIS College of Engineering,['jiscollege.ac.in'],['https://www.jiscollege.ac.in/'],2,not mentioned,,,,
Thiagarajar College of Engineering,['tce.edu'],['http://www.tce.edu/'],2,not mentioned,,,,
SRM Institute Of Science & Technology,['srmuniv.ac.in'],['http://www.srmuniv.ac.in/'],2,accepted,https://englishtest.duolingo.com/institutions/accepting_institutions,"Undergraduate,Graduate,PhD","infodesk@srmist.edu.in, - 603 203 ,+91-44- 27417000,+91-44-27417777 ,+91 80 69087000",https://www.srmist.edu.in/contact-us/
Central Institute of Higher Tibetan Studies,['cihts.ac.in'],['http://www.cihts.ac.in/'],2,not mentioned,,,,
Indira Gandhi Agricultural University,['igau.edu.in'],['http://www.igau.edu.in/'],2,not mentioned,,,,
Acharya Nagarjuna University,['nagarjunauniversity.ac.in'],['http://www.nagarjunauniversity.ac.in/'],2,not mentioned,,,,
Shri Jagannath Sanskrit University,['sjsv.nic.in'],['http://www.sjsv.nic.in/'],2,not mentioned,,,,
Bhagwant University,['bhagwantuniversity.com'],['http://www.bhagwantuniversity.com/'],2,not mentioned,,,,
Rajalakshmi Institute of Technology,['ritchennai.org'],['https://ritchennai.org/'],2,not mentioned,,,,
University of Kerala,['keralauniversity.ac.in'],['http://www.keralauniversity.ac.in/'],2,not mentioned,,,,
Parul University,['paruluniversity.ac.in'],['http://www.paruluniversity.ac.in/'],2,not mentioned,,,,
Thapar Institute of Engineering and Technology,['tiet.ac.in'],['http://www.tiet.ac.in/'],2,accepted,https://www.quora.com/What-are-the-eligibility-criteria-and-admission-process-for-the-BE-BTech-program-at-Thapar-University,"Undergraduate,Graduate,PhD","admissions@thapar.edu,+91-18002024100, 1800 202 4100",https://www.thapar.edu/pages/contactus
Anurag University,['anurag.edu.in'],['https://anurag.edu.in'],2,not mentioned,,,,
Sister Nivedita University,['snuniv.ac.in'],['https://snuniv.ac.in/'],2,accepted,https://www.snu.edu/wp-content/uploads/2022/08/ESL-Requirements-bee4e6d39fd7d6373f7068a9c6712a2d.pdf,"Undergraduate,Graduate,PhD","info@snuniv.ac.in,- 700156,+91 7595044470,+91 7595044471",https://www.getmyuni.com/college/sister-nivedita-university-snu-kolkata/admission
Jain Vishva Bharati Institute,['jvbi.ac.in'],['http://www.jvbi.ac.in/'],2,not mentioned,,,,
Karnatak University,['kud.ac.in'],['http://www.kud.ac.in/'],2,not mentioned,,,,
Open International University for Alternative Medicines,['altmeduniversity.com'],['http://www.altmeduniversity.com/'],2,not mentioned,,,,
South Asian University,['southasianuniversity.org'],['http://www.southasianuniversity.org/'],2,accepted,https://duolingoguides.com/duolingo-accepted-countries/,,"admission@sau.int,+91-9910496853,+91-9650970295 ",https://ae1.sau.ac.in/admissions/contact-us/
Birla Institute of Technology and Science,['bits-pilani.ac.in'],['http://www.bits-pilani.ac.in/'],2,not mentioned,,,,
Awadhesh Pratap Singh University,['apsurewa.nic.in'],['http://www.apsurewa.nic.in/'],2,accepted,https://ambitio.club/blog/duolingo-for-university-admission/,others,-239472,https://www.indiastudychannel.com/universities/835-awadhesh-pratap-singh-university
Dav University,['davuniversity.org'],['http://www.davuniversity.org/'],2,accepted,https://grad.ucdavis.edu/english-language-examinations,Graduate,"academicaffairs@davuniversity.org,admission@davuniversity.org, 1800-1800-190, 0181-2708841, 18001800190, 7087017551-52",https://www.davuniversity.org/university/contact.aspx
Bharathiar University,['bharathi.ernet.in'],['http://www.bharathi.ernet.in/'],2,not mentioned,,,,
National Institute of Technology Rourkela,['nitrkl.ac.in'],['http://www.nitrkl.ac.in/'],2,not mentioned,,,,
Bishop Herber College,['bhc.edu.in'],['https://bhc.edu.in'],2,not mentioned,,,,
Konkan Agricultural University,['dbskkv.org'],['http://www.dbskkv.org/'],2,not mentioned,,,,
Patna University,['puonline.bih.nic.in'],['http://puonline.bih.nic.in/'],2,not mentioned,,,,
Sri Chandrasekharendra Saraswathi Viswa Mahavidyalaya,['kanchiuniv.ac.in'],['http://www.kanchiuniv.ac.in/'],2,accepted,https://duolingoguides.com/duolingo-accepted-countries/,,+91 9629 00 11 44,https://kanchiuniv.ac.in/
"International Institute of Information Technology, Pune",['squareit.edu.in'],['https://www.isquareit.edu.in/'],2,not mentioned,,,,
University of Kota,['uok.ac.in'],['http://www.uok.ac.in/'],2,accepted,https://englishtest.duolingo.com/institutions/accepting_institutions,," 2017-18,+91-744-2472934 ,+91-744-2472960",https://uok.ac.in/contact-us
Kakatiya University,['kuwarangal.com'],['http://www.kuwarangal.com/'],2,not mentioned,,,,
Amity University,['amity.edu'],['http://www.amity.edu/'],2,accepted,https://englishtest.duolingo.com/institutions/accepting_institutions,"Undergraduate,Graduate,PhD","infonagpur@aic.amity.edu, 0120-2445252 , 4713600,+91 8448396303 , 0712-6631899 ",https://www.amity.edu/noida/contact.aspx
MIT World Peace University,['mitwpu.edu.in'],['https://mitwpu.edu.in/'],2,accepted,https://www.collegevine.com/faq/58773/does-mit-accept-duolingo-for-english-proficiency,"Undergraduate,Graduate,PhD","admissions@mitwpu.edu.in,+91 20 -7117 7104 ,+91 20-7117 7105,+919881492848 ",https://mitwpu.edu.in/contact-us
Motilal Nehru National Institute Of Technology,['mnnit.ac.in'],['http://www.mnnit.ac.in/'],2,not mentioned,,,,
Hemwati Nandan Bahuguna Garhwal University,['hnbgu.ac.in'],['http://www.hnbgu.ac.in/'],2,not mentioned,,,,
Gauhati University,['gu.nic.in'],['http://www.gu.nic.in/'],2,not mentioned,,,,
Tilak Maharashtra Vidyapeeth,['tmv.edu.in'],['http://www.tmv.edu.in/'],2,not mentioned,,,,
Symbiosis International University,['siu.edu.in'],['http://www.siu.edu.in/'],2,not mentioned,,,,
University of Music and Fine Arts,['iksvv.com'],['http://www.iksvv.com/'],2,accepted,https://arts.unl.edu/music/graduate-application-guide/english-language-requirements/,Graduate,"music@unm.edu, 277-4817,04 2570 1 , 87131-0001 ,277-2126 ,277-2127 ",https://music.unm.edu/admissions/undergraduate-admissions/
The New College,['thenewcollege.edu.in'],['http://www.thenewcollege.edu.in/'],2,accepted,https://www.quora.com/Is-Duolingo-accepted-as-the-English-proficiency-exam-in-every-university,"Undergraduate,Graduate", 487-4750 ,https://www.ncf.edu/departments/admissions/
Vinayaka Mission's Research Foundation-Deemed University,['vinayakamissions.com'],['http://www.vinayakamissions.com/'],2,not mentioned,,,,
Technique Polytechnic Institute,['techniqueedu.com'],['https://www.techniqueedu.com/'],2,not mentioned,,,,
"ICFAI University, Dehradun",['iudehradun.edu.in'],['https://www.iudehradun.edu.in/'],2,accepted,https://in.linkedin.com/in/dr-madhumita-chakrabarty,"Undergraduate,Graduate,PhD","admissions@iudehradun.edu.in, 1800-120-8727 ",https://iudehradun.edu.in/icfai-tech-school-dehradun/contact-us
Goa University,['unigoa.ac.in'],['http://www.unigoa.ac.in/'],2,not mentioned,,,,
Vidyasagar University,['vidyasagar.ac.in'],['http://www.vidyasagar.ac.in/'],2,accepted,https://www.quora.com/Is-Duolingo-accepted-as-the-English-proficiency-exam-in-every-university,,"vidya295@mail.vidyasagar.ac.in, 03222276554",https://www.shiksha.com/university/vidyasagar-university-midnapore-4217/admission
Manipal University,['manipal.edu'],['http://www.manipal.edu/'],2,not mentioned,,,,
Kohinoor School of Hospitality Management,['kimi.kohinoor.ac.in'],['http://kimi.kohinoor.ac.in/'],2,not mentioned,,,,
Chennai Institute of Technology,['citchennai.edu.in'],['https://www.citchennai.edu.in/'],2,not mentioned,,,,
"University of Agricultural Sciences, Dharwad",['uasd.net'],['http://www.uasd.net/'],2,not mentioned,,,,
